NYX-snapshot_z4.dat, 10.2008, 6.29572, 0.236308, 0.484592, 0.294692, 5, 4.87656, 0.0383763
NYX-snapshot_z4.dat, 10.2008, 6.29572, 0.236308, 0.484592, 0.294692, 7, 6.82718, 0.140119
NYX-snapshot_z4.dat, 10.2008, 6.29572, 0.236308, 0.484592, 0.294692, 8, 7.80249, 0.202977
NYX-snapshot_z4.dat, 10.2008, 6.29572, 0.236308, 0.484592, 0.294692, 10, 9.75311, 0.345491
NYX-snapshot_z4.dat, 10.2008, 6.29572, 0.236308, 0.484592, 0.294692, 12, 11.7037, 0.490453
NYX-snapshot_z4.dat, 10.2008, 6.29572, 0.236308, 0.484592, 0.294692, 13, 12.679, 0.554362
NYX-snapshot_z4.dat, 10.2008, 6.29572, 0.236308, 0.484592, 0.294692, 17, 16.5803, 0.864478
NYX-snapshot_z4.dat, 10.2008, 6.29572, 0.236308, 0.484592, 0.294692, 19, 18.5309, 0.992633
NYX-snapshot_z4.dat, 10.2008, 6.29572, 0.236308, 0.484592, 0.294692, 20, 19.5062, 1.05785
NYX-snapshot_z4.dat, 10.2008, 6.29572, 0.236308, 0.484592, 0.294692, 22, 21.4568, 1.1718
NYX-snapshot_z4.dat, 10.2008, 6.29572, 0.236308, 0.484592, 0.294692, 25, 24.3828, 1.34271
NYX-snapshot_z4.dat, 10.2008, 6.29572, 0.236308, 0.484592, 0.294692, 27, 26.3334, 1.45665
NYX-snapshot_z4.dat, 10.2008, 6.29572, 0.236308, 0.484592, 0.294692, 30, 29.2593, 1.69986
NYX-snapshot_z4.dat, 10.2008, 6.29572, 0.236308, 0.484592, 0.294692, 32, 31.21, 1.89833
NYX-snapshot_z4.dat, 10.2008, 6.29572, 0.236308, 0.484592, 0.294692, 33, 32.1853, 1.99757
NYX-snapshot_z4.dat, 10.2008, 6.29572, 0.236308, 0.484592, 0.294692, 34, 33.1606, 2.06831
NYX-snapshot_z4.dat, 10.2008, 6.29572, 0.236308, 0.484592, 0.294692, 35, 34.1359, 2.11763
NYX-snapshot_z4.dat, 10.2008, 6.29572, 0.236308, 0.484592, 0.294692, 37, 36.0865, 2.21627
NYX-snapshot_z4.dat, 10.2008, 6.29572, 0.236308, 0.484592, 0.294692, 40, 39.0125, 2.36423
NYX-snapshot_z4.dat, 10.2008, 6.29572, 0.236308, 0.484592, 0.294692, 41, 39.9878, 2.41355
NYX-snapshot_z4.dat, 10.2008, 6.29572, 0.236308, 0.484592, 0.294692, 43, 41.9384, 2.51218
NYX-snapshot_z4.dat, 10.2008, 6.29572, 0.236308, 0.484592, 0.294692, 47, 45.8396, 2.64057
NYX-snapshot_z4.dat, 10.2008, 6.29572, 0.236308, 0.484592, 0.294692, 48, 46.8149, 2.66856
NYX-snapshot_z4.dat, 10.2008, 6.29572, 0.236308, 0.484592, 0.294692, 50, 48.7656, 2.72453
NYX-snapshot_z4.dat, 10.2008, 6.29572, 0.236308, 0.484592, 0.294692, 56, 54.6174, 2.89245
NYX-snapshot_z4.dat, 10.2008, 6.29572, 0.236308, 0.484592, 0.294692, 57, 55.5927, 2.92043
NYX-snapshot_z4.dat, 10.2008, 6.29572, 0.236308, 0.484592, 0.294692, 59, 57.5434, 2.97641
NYX-snapshot_z4.dat, 10.2008, 6.29572, 0.236308, 0.484592, 0.294692, 62, 60.4693, 3.06039
NYX-snapshot_z4.dat, 10.2008, 6.29572, 0.236308, 0.484592, 0.294692, 63, 61.4446, 3.09329
NYX-snapshot_z4.dat, 10.2008, 6.29572, 0.236308, 0.484592, 0.294692, 64, 62.4199, 3.12619
NYX-snapshot_z4.dat, 10.2008, 6.29572, 0.236308, 0.484592, 0.294692, 65, 63.3952, 3.15909
NYX-snapshot_z4.dat, 10.2008, 6.29572, 0.236308, 0.484592, 0.294692, 69, 67.2965, 3.2907
NYX-snapshot_z4.dat, 10.2008, 6.29572, 0.236308, 0.484592, 0.294692, 73, 71.1977, 3.42231
NYX-snapshot_z4.dat, 10.2008, 6.29572, 0.236308, 0.484592, 0.294692, 79, 77.0496, 3.7975
NYX-snapshot_z4.dat, 10.2008, 6.29572, 0.236308, 0.484592, 0.294692, 87, 84.8521, 4.20184
NYX-snapshot_z4.dat, 10.2008, 6.29572, 0.236308, 0.484592, 0.294692, 88, 85.8274, 4.22167
NYX-snapshot_z4.dat, 10.2008, 6.29572, 0.236308, 0.484592, 0.294692, 90, 87.778, 4.26132
NYX-snapshot_z4.dat, 10.2008, 6.29572, 0.236308, 0.484592, 0.294692, 94, 91.6793, 4.34062
NYX-snapshot_z4.dat, 10.2008, 6.29572, 0.236308, 0.484592, 0.294692, 97, 94.6052, 4.40009
NYX-snapshot_z4.dat, 10.2008, 6.29572, 0.236308, 0.484592, 0.294692, 98, 95.5805, 4.41991
NYX-snapshot_z4.dat, 10.2008, 6.29572, 0.236308, 0.484592, 0.294692, 105, 102.408, 4.55869
NYX-snapshot_z4.dat, 10.2008, 6.29572, 0.236308, 0.484592, 0.294692, 106, 103.383, 4.57851
NYX-snapshot_z4.dat, 10.2008, 6.29572, 0.236308, 0.484592, 0.294692, 107, 104.358, 4.59598
NYX-snapshot_z4.dat, 10.2008, 6.29572, 0.236308, 0.484592, 0.294692, 109, 106.309, 4.62389
NYX-snapshot_z4.dat, 10.2008, 6.29572, 0.236308, 0.484592, 0.294692, 110, 107.284, 4.63785
NYX-snapshot_z4.dat, 10.2008, 6.29572, 0.236308, 0.484592, 0.294692, 111, 108.26, 4.65181
NYX-snapshot_z4.dat, 10.2008, 6.29572, 0.236308, 0.484592, 0.294692, 116, 113.136, 4.72159
NYX-snapshot_z4.dat, 10.2008, 6.29572, 0.236308, 0.484592, 0.294692, 118, 115.087, 4.7495
NYX-snapshot_z4.dat, 10.2008, 6.29572, 0.236308, 0.484592, 0.294692, 121, 118.013, 4.79138
NYX-snapshot_z4.dat, 10.2008, 6.29572, 0.236308, 0.484592, 0.294692, 124, 120.939, 4.83325
NYX-snapshot_z4.dat, 10.2008, 6.29572, 0.236308, 0.484592, 0.294692, 125, 121.914, 4.8472
NYX-snapshot_z4.dat, 10.2008, 6.29572, 0.236308, 0.484592, 0.294692, 126, 122.889, 4.86116
NYX-snapshot_z4.dat, 10.2008, 6.29572, 0.236308, 0.484592, 0.294692, 127, 123.865, 4.87512
NYX-snapshot_z4.dat, 10.2008, 6.29572, 0.236308, 0.484592, 0.294692, 131, 127.766, 4.93094
NYX-snapshot_z4.dat, 10.2008, 6.29572, 0.236308, 0.484592, 0.294692, 132, 128.741, 4.9449
NYX-snapshot_z4.dat, 10.2008, 6.29572, 0.236308, 0.484592, 0.294692, 135, 131.667, 4.98677
NYX-snapshot_z4.dat, 10.2008, 6.29572, 0.236308, 0.484592, 0.294692, 136, 132.642, 5.00073
NYX-snapshot_z4.dat, 10.2008, 6.29572, 0.236308, 0.484592, 0.294692, 137, 133.618, 5.01469
NYX-snapshot_z4.dat, 10.2008, 6.29572, 0.236308, 0.484592, 0.294692, 142, 138.494, 5.08447
NYX-snapshot_z4.dat, 10.2008, 6.29572, 0.236308, 0.484592, 0.294692, 143, 139.47, 5.09843
NYX-snapshot_z4.dat, 10.2008, 6.29572, 0.236308, 0.484592, 0.294692, 147, 143.371, 5.2318
NYX-snapshot_z4.dat, 10.2008, 6.29572, 0.236308, 0.484592, 0.294692, 151, 147.272, 5.36803
NYX-snapshot_z4.dat, 10.2008, 6.29572, 0.236308, 0.484592, 0.294692, 154, 150.198, 5.4702
NYX-snapshot_z4.dat, 10.2008, 6.29572, 0.236308, 0.484592, 0.294692, 157, 153.124, 5.57237
NYX-snapshot_z4.dat, 10.2008, 6.29572, 0.236308, 0.484592, 0.294692, 164, 159.951, 5.70376
NYX-snapshot_z4.dat, 10.2008, 6.29572, 0.236308, 0.484592, 0.294692, 165, 160.926, 5.71962
NYX-snapshot_z4.dat, 10.2008, 6.29572, 0.236308, 0.484592, 0.294692, 167, 162.877, 5.75134
NYX-snapshot_z4.dat, 10.2008, 6.29572, 0.236308, 0.484592, 0.294692, 172, 167.754, 5.83066
NYX-snapshot_z4.dat, 10.2008, 6.29572, 0.236308, 0.484592, 0.294692, 173, 168.729, 5.84652
NYX-snapshot_z4.dat, 10.2008, 6.29572, 0.236308, 0.484592, 0.294692, 175, 170.679, 5.87825
NYX-snapshot_z4.dat, 10.2008, 6.29572, 0.236308, 0.484592, 0.294692, 177, 172.63, 5.90997
NYX-snapshot_z4.dat, 10.2008, 6.29572, 0.236308, 0.484592, 0.294692, 179, 174.581, 5.9417
NYX-snapshot_z4.dat, 10.2008, 6.29572, 0.236308, 0.484592, 0.294692, 182, 177.507, 5.98929
NYX-snapshot_z4.dat, 10.2008, 6.29572, 0.236308, 0.484592, 0.294692, 183, 178.482, 6.00515
NYX-snapshot_z4.dat, 10.2008, 6.29572, 0.236308, 0.484592, 0.294692, 185, 180.433, 6.03688
NYX-snapshot_z4.dat, 10.2008, 6.29572, 0.236308, 0.484592, 0.294692, 188, 183.359, 6.08447
NYX-snapshot_z4.dat, 10.2008, 6.29572, 0.236308, 0.484592, 0.294692, 190, 185.309, 6.11619
NYX-snapshot_z4.dat, 10.2008, 6.29572, 0.236308, 0.484592, 0.294692, 191, 186.284, 6.13356
NYX-snapshot_z4.dat, 10.2008, 6.29572, 0.236308, 0.484592, 0.294692, 197, 192.136, 6.24117
NYX-snapshot_z4.dat, 10.2008, 6.29572, 0.236308, 0.484592, 0.294692, 201, 196.038, 6.31291
NYX-snapshot_z4.dat, 10.2008, 6.29572, 0.236308, 0.484592, 0.294692, 206, 200.914, 6.40258
NYX-snapshot_z4.dat, 10.2008, 6.29572, 0.236308, 0.484592, 0.294692, 207, 201.889, 6.42052
NYX-snapshot_z4.dat, 10.2008, 6.29572, 0.236308, 0.484592, 0.294692, 208, 202.865, 6.43845
NYX-snapshot_z4.dat, 10.2008, 6.29572, 0.236308, 0.484592, 0.294692, 212, 206.766, 6.51019
NYX-snapshot_z4.dat, 10.2008, 6.29572, 0.236308, 0.484592, 0.294692, 215, 209.692, 6.56399
NYX-snapshot_z4.dat, 10.2008, 6.29572, 0.236308, 0.484592, 0.294692, 217, 211.643, 6.59986
NYX-snapshot_z4.dat, 10.2008, 6.29572, 0.236308, 0.484592, 0.294692, 219, 213.593, 6.63266
NYX-snapshot_z4.dat, 10.2008, 6.29572, 0.236308, 0.484592, 0.294692, 225, 219.445, 6.67662
NYX-snapshot_z4.dat, 10.2008, 6.29572, 0.236308, 0.484592, 0.294692, 228, 222.371, 6.69861
NYX-snapshot_z4.dat, 10.2008, 6.29572, 0.236308, 0.484592, 0.294692, 235, 229.198, 6.7499
NYX-snapshot_z4.dat, 10.2008, 6.29572, 0.236308, 0.484592, 0.294692, 237, 231.149, 6.76455
NYX-snapshot_z4.dat, 10.2008, 6.29572, 0.236308, 0.484592, 0.294692, 239, 233.099, 6.77921
NYX-snapshot_z4.dat, 10.2008, 6.29572, 0.236308, 0.484592, 0.294692, 242, 236.025, 6.80119
NYX-snapshot_z4.dat, 10.2008, 6.29572, 0.236308, 0.484592, 0.294692, 243, 237.001, 6.80852
NYX-snapshot_z4.dat, 10.2008, 6.29572, 0.236308, 0.484592, 0.294692, 244, 237.976, 6.81585
NYX-snapshot_z4.dat, 10.2008, 6.29572, 0.236308, 0.484592, 0.294692, 246, 239.927, 6.8305
NYX-snapshot_z4.dat, 10.2008, 6.29572, 0.236308, 0.484592, 0.294692, 251, 244.803, 6.86714
NYX-snapshot_z4.dat, 10.2008, 6.29572, 0.236308, 0.484592, 0.294692, 252, 245.778, 6.87447
NYX-snapshot_z4.dat, 10.2008, 6.29572, 0.236308, 0.484592, 0.294692, 254, 247.729, 6.88912
NYX-snapshot_z4.dat, 10.2008, 6.29572, 0.236308, 0.484592, 0.294692, 255, 248.704, 6.89645
NYX-snapshot_z4.dat, 10.2008, 6.29572, 0.236308, 0.484592, 0.294692, 263, 256.507, 6.95507
NYX-snapshot_z4.dat, 10.2008, 6.29572, 0.236308, 0.484592, 0.294692, 270, 263.334, 7.00637
NYX-snapshot_z4.dat, 10.2008, 6.29572, 0.236308, 0.484592, 0.294692, 271, 264.309, 7.01369
NYX-snapshot_z4.dat, 10.2008, 6.29572, 0.236308, 0.484592, 0.294692, 272, 265.285, 7.02102
NYX-snapshot_z4.dat, 10.2008, 6.29572, 0.236308, 0.484592, 0.294692, 274, 267.235, 7.03568
NYX-snapshot_z4.dat, 10.2008, 6.29572, 0.236308, 0.484592, 0.294692, 275, 268.211, 7.043
NYX-snapshot_z4.dat, 10.2008, 6.29572, 0.236308, 0.484592, 0.294692, 276, 269.186, 7.05033
NYX-snapshot_z4.dat, 10.2008, 6.29572, 0.236308, 0.484592, 0.294692, 277, 270.161, 7.05766
NYX-snapshot_z4.dat, 10.2008, 6.29572, 0.236308, 0.484592, 0.294692, 278, 271.137, 7.06499
NYX-snapshot_z4.dat, 10.2008, 6.29572, 0.236308, 0.484592, 0.294692, 279, 272.112, 7.07231
NYX-snapshot_z4.dat, 10.2008, 6.29572, 0.236308, 0.484592, 0.294692, 281, 274.062, 7.08697
NYX-snapshot_z4.dat, 10.2008, 6.29572, 0.236308, 0.484592, 0.294692, 283, 276.013, 7.10163
NYX-snapshot_z4.dat, 10.2008, 6.29572, 0.236308, 0.484592, 0.294692, 284, 276.988, 7.10895
NYX-snapshot_z4.dat, 10.2008, 6.29572, 0.236308, 0.484592, 0.294692, 285, 277.964, 7.11628
NYX-snapshot_z3.dat, 11.7472, 7.36421, 0.305852, 0.56252, 0.378405, 4, 3.93811, 0.0175394
NYX-snapshot_z3.dat, 11.7472, 7.36421, 0.305852, 0.56252, 0.378405, 5, 4.92264, 0.0507457
NYX-snapshot_z3.dat, 11.7472, 7.36421, 0.305852, 0.56252, 0.378405, 6, 5.90717, 0.104665
NYX-snapshot_z3.dat, 11.7472, 7.36421, 0.305852, 0.56252, 0.378405, 7, 6.89169, 0.179316
NYX-snapshot_z3.dat, 11.7472, 7.36421, 0.305852, 0.56252, 0.378405, 9, 8.86075, 0.378812
NYX-snapshot_z3.dat, 11.7472, 7.36421, 0.305852, 0.56252, 0.378405, 11, 10.8298, 0.549651
NYX-snapshot_z3.dat, 11.7472, 7.36421, 0.305852, 0.56252, 0.378405, 12, 11.8143, 0.650814
NYX-snapshot_z3.dat, 11.7472, 7.36421, 0.305852, 0.56252, 0.378405, 13, 12.7989, 0.758383
NYX-snapshot_z3.dat, 11.7472, 7.36421, 0.305852, 0.56252, 0.378405, 15, 14.7679, 0.926793
NYX-snapshot_z3.dat, 11.7472, 7.36421, 0.305852, 0.56252, 0.378405, 17, 16.737, 1.09391
NYX-snapshot_z3.dat, 11.7472, 7.36421, 0.305852, 0.56252, 0.378405, 20, 19.6906, 1.35019
NYX-snapshot_z3.dat, 11.7472, 7.36421, 0.305852, 0.56252, 0.378405, 25, 24.6132, 1.7698
NYX-snapshot_z3.dat, 11.7472, 7.36421, 0.305852, 0.56252, 0.378405, 26, 25.5977, 1.9699
NYX-snapshot_z3.dat, 11.7472, 7.36421, 0.305852, 0.56252, 0.378405, 28, 27.5668, 2.35571
NYX-snapshot_z3.dat, 11.7472, 7.36421, 0.305852, 0.56252, 0.378405, 29, 28.5513, 2.41647
NYX-snapshot_z3.dat, 11.7472, 7.36421, 0.305852, 0.56252, 0.378405, 33, 32.4894, 2.65952
NYX-snapshot_z3.dat, 11.7472, 7.36421, 0.305852, 0.56252, 0.378405, 36, 35.443, 2.84181
NYX-snapshot_z3.dat, 11.7472, 7.36421, 0.305852, 0.56252, 0.378405, 38, 37.412, 2.96221
NYX-snapshot_z3.dat, 11.7472, 7.36421, 0.305852, 0.56252, 0.378405, 39, 38.3966, 3.0204
NYX-snapshot_z3.dat, 11.7472, 7.36421, 0.305852, 0.56252, 0.378405, 47, 46.2728, 3.48597
NYX-snapshot_z3.dat, 11.7472, 7.36421, 0.305852, 0.56252, 0.378405, 48, 47.2573, 3.53445
NYX-snapshot_z3.dat, 11.7472, 7.36421, 0.305852, 0.56252, 0.378405, 49, 48.2419, 3.56437
NYX-snapshot_z3.dat, 11.7472, 7.36421, 0.305852, 0.56252, 0.378405, 50, 49.2264, 3.59429
NYX-snapshot_z3.dat, 11.7472, 7.36421, 0.305852, 0.56252, 0.378405, 52, 51.1954, 3.65413
NYX-snapshot_z3.dat, 11.7472, 7.36421, 0.305852, 0.56252, 0.378405, 54, 53.1645, 3.71398
NYX-snapshot_z3.dat, 11.7472, 7.36421, 0.305852, 0.56252, 0.378405, 55, 54.149, 3.7439
NYX-snapshot_z3.dat, 11.7472, 7.36421, 0.305852, 0.56252, 0.378405, 61, 60.0562, 3.92344
NYX-snapshot_z3.dat, 11.7472, 7.36421, 0.305852, 0.56252, 0.378405, 62, 61.0407, 3.95336
NYX-snapshot_z3.dat, 11.7472, 7.36421, 0.305852, 0.56252, 0.378405, 70, 68.9169, 4.35043
NYX-snapshot_z3.dat, 11.7472, 7.36421, 0.305852, 0.56252, 0.378405, 75, 73.8396, 4.73313
NYX-snapshot_z3.dat, 11.7472, 7.36421, 0.305852, 0.56252, 0.378405, 76, 74.8241, 4.76602
NYX-snapshot_z3.dat, 11.7472, 7.36421, 0.305852, 0.56252, 0.378405, 78, 76.7932, 4.83179
NYX-snapshot_z3.dat, 11.7472, 7.36421, 0.305852, 0.56252, 0.378405, 81, 79.7467, 4.93045
NYX-snapshot_z3.dat, 11.7472, 7.36421, 0.305852, 0.56252, 0.378405, 84, 82.7003, 5.02911
NYX-snapshot_z3.dat, 11.7472, 7.36421, 0.305852, 0.56252, 0.378405, 86, 84.6694, 5.09488
NYX-snapshot_z3.dat, 11.7472, 7.36421, 0.305852, 0.56252, 0.378405, 87, 85.6539, 5.12777
NYX-snapshot_z3.dat, 11.7472, 7.36421, 0.305852, 0.56252, 0.378405, 91, 89.592, 5.25931
NYX-snapshot_z3.dat, 11.7472, 7.36421, 0.305852, 0.56252, 0.378405, 92, 90.5765, 5.29103
NYX-snapshot_z3.dat, 11.7472, 7.36421, 0.305852, 0.56252, 0.378405, 99, 97.4682, 5.47592
NYX-snapshot_z3.dat, 11.7472, 7.36421, 0.305852, 0.56252, 0.378405, 101, 99.4373, 5.52875
NYX-snapshot_z3.dat, 11.7472, 7.36421, 0.305852, 0.56252, 0.378405, 105, 103.375, 5.6344
NYX-snapshot_z3.dat, 11.7472, 7.36421, 0.305852, 0.56252, 0.378405, 106, 104.36, 5.66082
NYX-snapshot_z3.dat, 11.7472, 7.36421, 0.305852, 0.56252, 0.378405, 107, 105.344, 5.68723
NYX-snapshot_z3.dat, 11.7472, 7.36421, 0.305852, 0.56252, 0.378405, 108, 106.329, 5.71364
NYX-snapshot_z3.dat, 11.7472, 7.36421, 0.305852, 0.56252, 0.378405, 109, 107.314, 5.74006
NYX-snapshot_z3.dat, 11.7472, 7.36421, 0.305852, 0.56252, 0.378405, 110, 108.298, 5.76647
NYX-snapshot_z3.dat, 11.7472, 7.36421, 0.305852, 0.56252, 0.378405, 112, 110.267, 5.8193
NYX-snapshot_z3.dat, 11.7472, 7.36421, 0.305852, 0.56252, 0.378405, 113, 111.252, 5.84571
NYX-snapshot_z3.dat, 11.7472, 7.36421, 0.305852, 0.56252, 0.378405, 115, 113.221, 5.89661
NYX-snapshot_z3.dat, 11.7472, 7.36421, 0.305852, 0.56252, 0.378405, 121, 119.128, 6.04283
NYX-snapshot_z3.dat, 11.7472, 7.36421, 0.305852, 0.56252, 0.378405, 123, 121.097, 6.09157
NYX-snapshot_z3.dat, 11.7472, 7.36421, 0.305852, 0.56252, 0.378405, 128, 126.02, 6.21343
NYX-snapshot_z3.dat, 11.7472, 7.36421, 0.305852, 0.56252, 0.378405, 129, 127.004, 6.2378
NYX-snapshot_z3.dat, 11.7472, 7.36421, 0.305852, 0.56252, 0.378405, 133, 130.942, 6.33528
NYX-snapshot_z3.dat, 11.7472, 7.36421, 0.305852, 0.56252, 0.378405, 135, 132.911, 6.38402
NYX-snapshot_z3.dat, 11.7472, 7.36421, 0.305852, 0.56252, 0.378405, 136, 133.896, 6.40839
NYX-snapshot_z3.dat, 11.7472, 7.36421, 0.305852, 0.56252, 0.378405, 137, 134.88, 6.43277
NYX-snapshot_z3.dat, 11.7472, 7.36421, 0.305852, 0.56252, 0.378405, 140, 137.834, 6.48599
NYX-snapshot_z3.dat, 11.7472, 7.36421, 0.305852, 0.56252, 0.378405, 142, 139.803, 6.51315
NYX-snapshot_z3.dat, 11.7472, 7.36421, 0.305852, 0.56252, 0.378405, 143, 140.787, 6.52673
NYX-snapshot_z3.dat, 11.7472, 7.36421, 0.305852, 0.56252, 0.378405, 147, 144.726, 6.58105
NYX-snapshot_z3.dat, 11.7472, 7.36421, 0.305852, 0.56252, 0.378405, 152, 149.648, 6.64895
NYX-snapshot_z3.dat, 11.7472, 7.36421, 0.305852, 0.56252, 0.378405, 155, 152.602, 6.68969
NYX-snapshot_z3.dat, 11.7472, 7.36421, 0.305852, 0.56252, 0.378405, 161, 158.509, 6.77117
NYX-snapshot_z3.dat, 11.7472, 7.36421, 0.305852, 0.56252, 0.378405, 162, 159.493, 6.78475
NYX-snapshot_z3.dat, 11.7472, 7.36421, 0.305852, 0.56252, 0.378405, 164, 161.463, 6.81191
NYX-snapshot_z3.dat, 11.7472, 7.36421, 0.305852, 0.56252, 0.378405, 166, 163.432, 6.83907
NYX-snapshot_z3.dat, 11.7472, 7.36421, 0.305852, 0.56252, 0.378405, 168, 165.401, 6.86623
NYX-snapshot_z3.dat, 11.7472, 7.36421, 0.305852, 0.56252, 0.378405, 176, 173.277, 6.97487
NYX-snapshot_z3.dat, 11.7472, 7.36421, 0.305852, 0.56252, 0.378405, 178, 175.246, 7.00203
NYX-snapshot_z3.dat, 11.7472, 7.36421, 0.305852, 0.56252, 0.378405, 182, 179.184, 7.05818
NYX-snapshot_z3.dat, 11.7472, 7.36421, 0.305852, 0.56252, 0.378405, 187, 184.107, 7.14156
NYX-snapshot_z3.dat, 11.7472, 7.36421, 0.305852, 0.56252, 0.378405, 190, 187.06, 7.19159
NYX-snapshot_z3.dat, 11.7472, 7.36421, 0.305852, 0.56252, 0.378405, 191, 188.045, 7.20826
NYX-snapshot_z3.dat, 11.7472, 7.36421, 0.305852, 0.56252, 0.378405, 196, 192.967, 7.29164
NYX-snapshot_z3.dat, 11.7472, 7.36421, 0.305852, 0.56252, 0.378405, 197, 193.952, 7.30832
NYX-snapshot_z3.dat, 11.7472, 7.36421, 0.305852, 0.56252, 0.378405, 199, 195.921, 7.34167
NYX-snapshot_z3.dat, 11.7472, 7.36421, 0.305852, 0.56252, 0.378405, 202, 198.875, 7.3917
NYX-snapshot_z3.dat, 11.7472, 7.36421, 0.305852, 0.56252, 0.378405, 203, 199.859, 7.40837
NYX-snapshot_z3.dat, 11.7472, 7.36421, 0.305852, 0.56252, 0.378405, 204, 200.844, 7.42505
NYX-snapshot_z3.dat, 11.7472, 7.36421, 0.305852, 0.56252, 0.378405, 207, 203.797, 7.47508
NYX-snapshot_z3.dat, 11.7472, 7.36421, 0.305852, 0.56252, 0.378405, 209, 205.766, 7.50843
NYX-snapshot_z3.dat, 11.7472, 7.36421, 0.305852, 0.56252, 0.378405, 213, 209.704, 7.57513
NYX-snapshot_z3.dat, 11.7472, 7.36421, 0.305852, 0.56252, 0.378405, 214, 210.689, 7.59181
NYX-snapshot_z3.dat, 11.7472, 7.36421, 0.305852, 0.56252, 0.378405, 216, 212.658, 7.62516
NYX-snapshot_z3.dat, 11.7472, 7.36421, 0.305852, 0.56252, 0.378405, 217, 213.642, 7.64118
NYX-snapshot_z3.dat, 11.7472, 7.36421, 0.305852, 0.56252, 0.378405, 218, 214.627, 7.65606
NYX-snapshot_z3.dat, 11.7472, 7.36421, 0.305852, 0.56252, 0.378405, 219, 215.612, 7.67095
NYX-snapshot_z3.dat, 11.7472, 7.36421, 0.305852, 0.56252, 0.378405, 221, 217.581, 7.70072
NYX-snapshot_z3.dat, 11.7472, 7.36421, 0.305852, 0.56252, 0.378405, 222, 218.565, 7.71561
NYX-snapshot_z3.dat, 11.7472, 7.36421, 0.305852, 0.56252, 0.378405, 224, 220.534, 7.74538
NYX-snapshot_z3.dat, 11.7472, 7.36421, 0.305852, 0.56252, 0.378405, 229, 225.457, 7.81981
NYX-snapshot_z3.dat, 11.7472, 7.36421, 0.305852, 0.56252, 0.378405, 231, 227.426, 7.84958
NYX-snapshot_z3.dat, 11.7472, 7.36421, 0.305852, 0.56252, 0.378405, 232, 228.41, 7.86447
NYX-snapshot_z3.dat, 11.7472, 7.36421, 0.305852, 0.56252, 0.378405, 235, 231.364, 7.90913
NYX-snapshot_z3.dat, 11.7472, 7.36421, 0.305852, 0.56252, 0.378405, 236, 232.349, 7.92401
NYX-snapshot_z3.dat, 11.7472, 7.36421, 0.305852, 0.56252, 0.378405, 240, 236.287, 7.98356
NYX-snapshot_z3.dat, 11.7472, 7.36421, 0.305852, 0.56252, 0.378405, 243, 239.24, 8.02821
NYX-snapshot_z3.dat, 11.7472, 7.36421, 0.305852, 0.56252, 0.378405, 248, 244.163, 8.10264
NYX-snapshot_z3.dat, 11.7472, 7.36421, 0.305852, 0.56252, 0.378405, 254, 250.07, 8.19196
NYX-snapshot_z3.dat, 11.7472, 7.36421, 0.305852, 0.56252, 0.378405, 255, 251.055, 8.20685
NYX-snapshot_z35.dat, 11.2609, 7.08913, 0.269711, 0.524443, 0.335141, 5, 4.88098, 0.0417221
NYX-snapshot_z35.dat, 11.2609, 7.08913, 0.269711, 0.524443, 0.335141, 8, 7.80957, 0.220696
NYX-snapshot_z35.dat, 11.2609, 7.08913, 0.269711, 0.524443, 0.335141, 9, 8.78577, 0.2973
NYX-snapshot_z35.dat, 11.2609, 7.08913, 0.269711, 0.524443, 0.335141, 11, 10.7382, 0.473401
NYX-snapshot_z35.dat, 11.2609, 7.08913, 0.269711, 0.524443, 0.335141, 15, 14.6429, 0.757515
NYX-snapshot_z35.dat, 11.2609, 7.08913, 0.269711, 0.524443, 0.335141, 18, 17.5715, 1.01811
NYX-snapshot_z35.dat, 11.2609, 7.08913, 0.269711, 0.524443, 0.335141, 22, 21.4763, 1.32708
NYX-snapshot_z35.dat, 11.2609, 7.08913, 0.269711, 0.524443, 0.335141, 26, 25.3811, 1.64864
NYX-snapshot_z35.dat, 11.2609, 7.08913, 0.269711, 0.524443, 0.335141, 35, 34.1669, 2.09076
NYX-snapshot_z35.dat, 11.2609, 7.08913, 0.269711, 0.524443, 0.335141, 36, 35.1431, 2.13803
NYX-snapshot_z35.dat, 11.2609, 7.08913, 0.269711, 0.524443, 0.335141, 41, 40.024, 2.64506
NYX-snapshot_z35.dat, 11.2609, 7.08913, 0.269711, 0.524443, 0.335141, 42, 41.0002, 2.79703
NYX-snapshot_z35.dat, 11.2609, 7.08913, 0.269711, 0.524443, 0.335141, 44, 42.9526, 2.88515
NYX-snapshot_z35.dat, 11.2609, 7.08913, 0.269711, 0.524443, 0.335141, 47, 45.8812, 2.99671
NYX-snapshot_z35.dat, 11.2609, 7.08913, 0.269711, 0.524443, 0.335141, 48, 46.8574, 3.0339
NYX-snapshot_z35.dat, 11.2609, 7.08913, 0.269711, 0.524443, 0.335141, 50, 48.8098, 3.10828
NYX-snapshot_z35.dat, 11.2609, 7.08913, 0.269711, 0.524443, 0.335141, 54, 52.7146, 3.25704
NYX-snapshot_z35.dat, 11.2609, 7.08913, 0.269711, 0.524443, 0.335141, 56, 54.667, 3.33141
NYX-snapshot_z35.dat, 11.2609, 7.08913, 0.269711, 0.524443, 0.335141, 69, 67.3575, 3.80533
NYX-snapshot_z35.dat, 11.2609, 7.08913, 0.269711, 0.524443, 0.335141, 70, 68.3337, 3.84171
NYX-snapshot_z35.dat, 11.2609, 7.08913, 0.269711, 0.524443, 0.335141, 72, 70.2861, 3.91446
NYX-snapshot_z35.dat, 11.2609, 7.08913, 0.269711, 0.524443, 0.335141, 79, 77.1195, 4.06041
NYX-snapshot_z35.dat, 11.2609, 7.08913, 0.269711, 0.524443, 0.335141, 82, 80.0481, 4.11747
NYX-snapshot_z35.dat, 11.2609, 7.08913, 0.269711, 0.524443, 0.335141, 84, 82.0005, 4.15551
NYX-snapshot_z35.dat, 11.2609, 7.08913, 0.269711, 0.524443, 0.335141, 88, 85.9053, 4.23159
NYX-snapshot_z35.dat, 11.2609, 7.08913, 0.269711, 0.524443, 0.335141, 89, 86.8815, 4.25061
NYX-snapshot_z35.dat, 11.2609, 7.08913, 0.269711, 0.524443, 0.335141, 93, 90.7863, 4.32669
NYX-snapshot_z35.dat, 11.2609, 7.08913, 0.269711, 0.524443, 0.335141, 94, 91.7625, 4.34571
NYX-snapshot_z35.dat, 11.2609, 7.08913, 0.269711, 0.524443, 0.335141, 96, 93.7148, 4.38375
NYX-snapshot_z35.dat, 11.2609, 7.08913, 0.269711, 0.524443, 0.335141, 97, 94.691, 4.40277
NYX-snapshot_z35.dat, 11.2609, 7.08913, 0.269711, 0.524443, 0.335141, 98, 95.6672, 4.42179
NYX-snapshot_z35.dat, 11.2609, 7.08913, 0.269711, 0.524443, 0.335141, 101, 98.5958, 4.47885
NYX-snapshot_z35.dat, 11.2609, 7.08913, 0.269711, 0.524443, 0.335141, 104, 101.524, 4.5423
NYX-snapshot_z35.dat, 11.2609, 7.08913, 0.269711, 0.524443, 0.335141, 105, 102.501, 4.56518
NYX-snapshot_z35.dat, 11.2609, 7.08913, 0.269711, 0.524443, 0.335141, 109, 106.405, 4.65668
NYX-snapshot_z35.dat, 11.2609, 7.08913, 0.269711, 0.524443, 0.335141, 110, 107.382, 4.67955
NYX-snapshot_z35.dat, 11.2609, 7.08913, 0.269711, 0.524443, 0.335141, 111, 108.358, 4.70243
NYX-snapshot_z35.dat, 11.2609, 7.08913, 0.269711, 0.524443, 0.335141, 114, 111.286, 4.77105
NYX-snapshot_z35.dat, 11.2609, 7.08913, 0.269711, 0.524443, 0.335141, 115, 112.263, 4.79393
NYX-snapshot_z35.dat, 11.2609, 7.08913, 0.269711, 0.524443, 0.335141, 116, 113.239, 4.8168
NYX-snapshot_z35.dat, 11.2609, 7.08913, 0.269711, 0.524443, 0.335141, 118, 115.191, 4.86255
NYX-snapshot_z35.dat, 11.2609, 7.08913, 0.269711, 0.524443, 0.335141, 121, 118.12, 4.93118
NYX-snapshot_z35.dat, 11.2609, 7.08913, 0.269711, 0.524443, 0.335141, 122, 119.096, 4.95405
NYX-snapshot_z35.dat, 11.2609, 7.08913, 0.269711, 0.524443, 0.335141, 123, 120.072, 4.97693
NYX-snapshot_z35.dat, 11.2609, 7.08913, 0.269711, 0.524443, 0.335141, 124, 121.048, 4.9998
NYX-snapshot_z35.dat, 11.2609, 7.08913, 0.269711, 0.524443, 0.335141, 126, 123.001, 5.04555
NYX-snapshot_z35.dat, 11.2609, 7.08913, 0.269711, 0.524443, 0.335141, 128, 124.953, 5.08718
NYX-snapshot_z35.dat, 11.2609, 7.08913, 0.269711, 0.524443, 0.335141, 129, 125.929, 5.10611
NYX-snapshot_z35.dat, 11.2609, 7.08913, 0.269711, 0.524443, 0.335141, 130, 126.906, 5.12505
NYX-snapshot_z35.dat, 11.2609, 7.08913, 0.269711, 0.524443, 0.335141, 132, 128.858, 5.16291
NYX-snapshot_z35.dat, 11.2609, 7.08913, 0.269711, 0.524443, 0.335141, 133, 129.834, 5.18185
NYX-snapshot_z35.dat, 11.2609, 7.08913, 0.269711, 0.524443, 0.335141, 134, 130.81, 5.20078
NYX-snapshot_z35.dat, 11.2609, 7.08913, 0.269711, 0.524443, 0.335141, 135, 131.786, 5.21971
NYX-snapshot_z35.dat, 11.2609, 7.08913, 0.269711, 0.524443, 0.335141, 140, 136.667, 5.31438
NYX-snapshot_z35.dat, 11.2609, 7.08913, 0.269711, 0.524443, 0.335141, 141, 137.644, 5.33331
NYX-snapshot_z35.dat, 11.2609, 7.08913, 0.269711, 0.524443, 0.335141, 142, 138.62, 5.35224
NYX-snapshot_z35.dat, 11.2609, 7.08913, 0.269711, 0.524443, 0.335141, 143, 139.596, 5.37117
NYX-snapshot_z35.dat, 11.2609, 7.08913, 0.269711, 0.524443, 0.335141, 145, 141.548, 5.40904
NYX-snapshot_z35.dat, 11.2609, 7.08913, 0.269711, 0.524443, 0.335141, 146, 142.525, 5.42797
NYX-snapshot_z35.dat, 11.2609, 7.08913, 0.269711, 0.524443, 0.335141, 147, 143.501, 5.44691
NYX-snapshot_z35.dat, 11.2609, 7.08913, 0.269711, 0.524443, 0.335141, 148, 144.477, 5.46584
NYX-snapshot_z35.dat, 11.2609, 7.08913, 0.269711, 0.524443, 0.335141, 150, 146.429, 5.5037
NYX-snapshot_z35.dat, 11.2609, 7.08913, 0.269711, 0.524443, 0.335141, 154, 150.334, 5.57944
NYX-snapshot_z35.dat, 11.2609, 7.08913, 0.269711, 0.524443, 0.335141, 155, 151.31, 5.59837
NYX-snapshot_z35.dat, 11.2609, 7.08913, 0.269711, 0.524443, 0.335141, 157, 153.263, 5.63551
NYX-snapshot_z35.dat, 11.2609, 7.08913, 0.269711, 0.524443, 0.335141, 158, 154.239, 5.65209
NYX-snapshot_z35.dat, 11.2609, 7.08913, 0.269711, 0.524443, 0.335141, 159, 155.215, 5.66866
NYX-snapshot_z35.dat, 11.2609, 7.08913, 0.269711, 0.524443, 0.335141, 161, 157.168, 5.70181
NYX-snapshot_z35.dat, 11.2609, 7.08913, 0.269711, 0.524443, 0.335141, 164, 160.096, 5.75154
NYX-snapshot_z35.dat, 11.2609, 7.08913, 0.269711, 0.524443, 0.335141, 170, 165.953, 5.85099
NYX-snapshot_z35.dat, 11.2609, 7.08913, 0.269711, 0.524443, 0.335141, 171, 166.93, 5.86757
NYX-snapshot_z35.dat, 11.2609, 7.08913, 0.269711, 0.524443, 0.335141, 174, 169.858, 5.91729
NYX-snapshot_z35.dat, 11.2609, 7.08913, 0.269711, 0.524443, 0.335141, 175, 170.834, 5.93387
NYX-snapshot_z35.dat, 11.2609, 7.08913, 0.269711, 0.524443, 0.335141, 176, 171.811, 5.95044
NYX-snapshot_z35.dat, 11.2609, 7.08913, 0.269711, 0.524443, 0.335141, 179, 174.739, 6.00017
NYX-snapshot_z35.dat, 11.2609, 7.08913, 0.269711, 0.524443, 0.335141, 180, 175.715, 6.01674
NYX-snapshot_z35.dat, 11.2609, 7.08913, 0.269711, 0.524443, 0.335141, 189, 184.501, 6.16592
NYX-snapshot_z35.dat, 11.2609, 7.08913, 0.269711, 0.524443, 0.335141, 192, 187.43, 6.21265
NYX-snapshot_z35.dat, 11.2609, 7.08913, 0.269711, 0.524443, 0.335141, 197, 192.311, 6.2843
NYX-snapshot_z35.dat, 11.2609, 7.08913, 0.269711, 0.524443, 0.335141, 198, 193.287, 6.29863
NYX-snapshot_z35.dat, 11.2609, 7.08913, 0.269711, 0.524443, 0.335141, 200, 195.239, 6.3273
NYX-snapshot_z35.dat, 11.2609, 7.08913, 0.269711, 0.524443, 0.335141, 202, 197.192, 6.35596
NYX-snapshot_z35.dat, 11.2609, 7.08913, 0.269711, 0.524443, 0.335141, 204, 199.144, 6.38462
NYX-snapshot_z35.dat, 11.2609, 7.08913, 0.269711, 0.524443, 0.335141, 206, 201.096, 6.41328
NYX-snapshot_z35.dat, 11.2609, 7.08913, 0.269711, 0.524443, 0.335141, 209, 204.025, 6.45628
NYX-snapshot_z35.dat, 11.2609, 7.08913, 0.269711, 0.524443, 0.335141, 214, 208.906, 6.52793
NYX-snapshot_z35.dat, 11.2609, 7.08913, 0.269711, 0.524443, 0.335141, 215, 209.882, 6.54226
NYX-snapshot_z35.dat, 11.2609, 7.08913, 0.269711, 0.524443, 0.335141, 218, 212.811, 6.58526
NYX-snapshot_z35.dat, 11.2609, 7.08913, 0.269711, 0.524443, 0.335141, 219, 213.787, 6.59959
NYX-snapshot_z35.dat, 11.2609, 7.08913, 0.269711, 0.524443, 0.335141, 221, 215.739, 6.62825
NYX-snapshot_z35.dat, 11.2609, 7.08913, 0.269711, 0.524443, 0.335141, 223, 217.692, 6.65691
NYX-snapshot_z35.dat, 11.2609, 7.08913, 0.269711, 0.524443, 0.335141, 225, 219.644, 6.68558
NYX-snapshot_z35.dat, 11.2609, 7.08913, 0.269711, 0.524443, 0.335141, 226, 220.62, 6.69991
NYX-snapshot_z35.dat, 11.2609, 7.08913, 0.269711, 0.524443, 0.335141, 228, 222.573, 6.72857
NYX-snapshot_z35.dat, 11.2609, 7.08913, 0.269711, 0.524443, 0.335141, 232, 226.478, 6.78389
NYX-snapshot_z35.dat, 11.2609, 7.08913, 0.269711, 0.524443, 0.335141, 233, 227.454, 6.79725
NYX-snapshot_z35.dat, 11.2609, 7.08913, 0.269711, 0.524443, 0.335141, 236, 230.382, 6.83732
NYX-snapshot_z35.dat, 11.2609, 7.08913, 0.269711, 0.524443, 0.335141, 240, 234.287, 6.89074
NYX-snapshot_z35.dat, 11.2609, 7.08913, 0.269711, 0.524443, 0.335141, 246, 240.144, 6.97087
NYX-snapshot_z35.dat, 11.2609, 7.08913, 0.269711, 0.524443, 0.335141, 248, 242.097, 6.99758
NYX-snapshot_z35.dat, 11.2609, 7.08913, 0.269711, 0.524443, 0.335141, 252, 246.001, 7.05101
NYX-snapshot_z35.dat, 11.2609, 7.08913, 0.269711, 0.524443, 0.335141, 253, 246.978, 7.06436
NYX-snapshot_z35.dat, 11.2609, 7.08913, 0.269711, 0.524443, 0.335141, 254, 247.954, 7.07772
NYX-snapshot_z35.dat, 11.2609, 7.08913, 0.269711, 0.524443, 0.335141, 258, 251.859, 7.13114
NYX-snapshot_z35.dat, 11.2609, 7.08913, 0.269711, 0.524443, 0.335141, 260, 253.811, 7.15785
NYX-snapshot_z35.dat, 11.2609, 7.08913, 0.269711, 0.524443, 0.335141, 261, 254.787, 7.17121
NYX-snapshot_z35.dat, 11.2609, 7.08913, 0.269711, 0.524443, 0.335141, 264, 257.716, 7.21127
NYX-snapshot_z35.dat, 11.2609, 7.08913, 0.269711, 0.524443, 0.335141, 268, 261.621, 7.26469
NYX-snapshot_z35.dat, 11.2609, 7.08913, 0.269711, 0.524443, 0.335141, 270, 263.573, 7.29141
NYX-snapshot_z35.dat, 11.2609, 7.08913, 0.269711, 0.524443, 0.335141, 272, 265.525, 7.31812
NYX-snapshot_z35.dat, 11.2609, 7.08913, 0.269711, 0.524443, 0.335141, 274, 267.478, 7.34117
NYX-snapshot_z35.dat, 11.2609, 7.08913, 0.269711, 0.524443, 0.335141, 280, 273.335, 7.40968
NYX-snapshot_z35.dat, 11.2609, 7.08913, 0.269711, 0.524443, 0.335141, 285, 278.216, 7.46678
NYX-snapshot_z35.dat, 11.2609, 7.08913, 0.269711, 0.524443, 0.335141, 287, 280.168, 7.48962
NYX-snapshot_z35.dat, 11.2609, 7.08913, 0.269711, 0.524443, 0.335141, 289, 282.121, 7.51245
NYX-snapshot_z35.dat, 11.2609, 7.08913, 0.269711, 0.524443, 0.335141, 296, 288.954, 7.59239
NYX-snapshot_z35.dat, 11.2609, 7.08913, 0.269711, 0.524443, 0.335141, 297, 289.93, 7.60381
NYX-snapshot_z35.dat, 11.2609, 7.08913, 0.269711, 0.524443, 0.335141, 298, 290.906, 7.61523
NYX-snapshot_z35.dat, 11.2609, 7.08913, 0.269711, 0.524443, 0.335141, 299, 291.883, 7.62665
NYX-snapshot_z35.dat, 11.2609, 7.08913, 0.269711, 0.524443, 0.335141, 300, 292.859, 7.63806
NYX-snapshot_z35.dat, 11.2609, 7.08913, 0.269711, 0.524443, 0.335141, 303, 295.787, 7.67232
NYX-snapshot_z35.dat, 11.2609, 7.08913, 0.269711, 0.524443, 0.335141, 304, 296.764, 7.68374
NYX-snapshot_z35.dat, 11.2609, 7.08913, 0.269711, 0.524443, 0.335141, 305, 297.74, 7.69516
NYX-snapshot_z35.dat, 11.2609, 7.08913, 0.269711, 0.524443, 0.335141, 309, 301.645, 7.74084
NYX-snapshot_z35.dat, 11.2609, 7.08913, 0.269711, 0.524443, 0.335141, 312, 304.573, 7.77509
NYX-snapshot_z35.dat, 11.2609, 7.08913, 0.269711, 0.524443, 0.335141, 315, 307.502, 7.80935
NYX-snapshot_z35.dat, 11.2609, 7.08913, 0.269711, 0.524443, 0.335141, 320, 312.383, 7.86645
NYX-snapshot_z2.dat, 12.1736, 7.66434, 0.378738, 0.614524, 0.461919, 6, 5.96567, 0.124244
NYX-snapshot_z2.dat, 12.1736, 7.66434, 0.378738, 0.614524, 0.461919, 10, 9.94278, 0.534243
NYX-snapshot_z2.dat, 12.1736, 7.66434, 0.378738, 0.614524, 0.461919, 12, 11.9313, 0.777696
NYX-snapshot_z2.dat, 12.1736, 7.66434, 0.378738, 0.614524, 0.461919, 13, 12.9256, 0.868049
NYX-snapshot_z2.dat, 12.1736, 7.66434, 0.378738, 0.614524, 0.461919, 16, 15.9084, 1.22228
NYX-snapshot_z2.dat, 12.1736, 7.66434, 0.378738, 0.614524, 0.461919, 17, 16.9027, 1.33935
NYX-snapshot_z2.dat, 12.1736, 7.66434, 0.378738, 0.614524, 0.461919, 19, 18.8913, 1.5735
NYX-snapshot_z2.dat, 12.1736, 7.66434, 0.378738, 0.614524, 0.461919, 28, 27.8398, 2.54227
NYX-snapshot_z2.dat, 12.1736, 7.66434, 0.378738, 0.614524, 0.461919, 34, 33.8055, 3.04356
NYX-snapshot_z2.dat, 12.1736, 7.66434, 0.378738, 0.614524, 0.461919, 36, 35.794, 3.18978
NYX-snapshot_z2.dat, 12.1736, 7.66434, 0.378738, 0.614524, 0.461919, 41, 40.7654, 3.55531
NYX-snapshot_z2.dat, 12.1736, 7.66434, 0.378738, 0.614524, 0.461919, 43, 42.754, 3.69185
NYX-snapshot_z2.dat, 12.1736, 7.66434, 0.378738, 0.614524, 0.461919, 46, 45.7368, 3.86827
NYX-snapshot_z2.dat, 12.1736, 7.66434, 0.378738, 0.614524, 0.461919, 47, 46.7311, 3.92707
NYX-snapshot_z2.dat, 12.1736, 7.66434, 0.378738, 0.614524, 0.461919, 48, 47.7253, 3.98588
NYX-snapshot_z2.dat, 12.1736, 7.66434, 0.378738, 0.614524, 0.461919, 53, 52.6967, 4.27027
NYX-snapshot_z2.dat, 12.1736, 7.66434, 0.378738, 0.614524, 0.461919, 54, 53.691, 4.29949
NYX-snapshot_z2.dat, 12.1736, 7.66434, 0.378738, 0.614524, 0.461919, 55, 54.6853, 4.32871
NYX-snapshot_z2.dat, 12.1736, 7.66434, 0.378738, 0.614524, 0.461919, 59, 58.6624, 4.44558
NYX-snapshot_z2.dat, 12.1736, 7.66434, 0.378738, 0.614524, 0.461919, 61, 60.651, 4.50401
NYX-snapshot_z2.dat, 12.1736, 7.66434, 0.378738, 0.614524, 0.461919, 62, 61.6452, 4.53323
NYX-snapshot_z2.dat, 12.1736, 7.66434, 0.378738, 0.614524, 0.461919, 63, 62.6395, 4.56244
NYX-snapshot_z2.dat, 12.1736, 7.66434, 0.378738, 0.614524, 0.461919, 64, 63.6338, 4.59166
NYX-snapshot_z2.dat, 12.1736, 7.66434, 0.378738, 0.614524, 0.461919, 66, 65.6223, 4.6501
NYX-snapshot_z2.dat, 12.1736, 7.66434, 0.378738, 0.614524, 0.461919, 67, 66.6166, 4.67931
NYX-snapshot_z2.dat, 12.1736, 7.66434, 0.378738, 0.614524, 0.461919, 69, 68.6052, 4.73775
NYX-snapshot_z2.dat, 12.1736, 7.66434, 0.378738, 0.614524, 0.461919, 71, 70.5937, 4.79618
NYX-snapshot_z2.dat, 12.1736, 7.66434, 0.378738, 0.614524, 0.461919, 74, 73.5766, 4.88749
NYX-snapshot_z2.dat, 12.1736, 7.66434, 0.378738, 0.614524, 0.461919, 75, 74.5708, 4.92412
NYX-snapshot_z2.dat, 12.1736, 7.66434, 0.378738, 0.614524, 0.461919, 76, 75.5651, 4.96074
NYX-snapshot_z2.dat, 12.1736, 7.66434, 0.378738, 0.614524, 0.461919, 78, 77.5537, 5.034
NYX-snapshot_z2.dat, 12.1736, 7.66434, 0.378738, 0.614524, 0.461919, 81, 80.5365, 5.14388
NYX-snapshot_z2.dat, 12.1736, 7.66434, 0.378738, 0.614524, 0.461919, 87, 86.5022, 5.36365
NYX-snapshot_z2.dat, 12.1736, 7.66434, 0.378738, 0.614524, 0.461919, 88, 87.4965, 5.40027
NYX-snapshot_z2.dat, 12.1736, 7.66434, 0.378738, 0.614524, 0.461919, 91, 90.4793, 5.50477
NYX-snapshot_z2.dat, 12.1736, 7.66434, 0.378738, 0.614524, 0.461919, 100, 99.4278, 5.77899
NYX-snapshot_z2.dat, 12.1736, 7.66434, 0.378738, 0.614524, 0.461919, 101, 100.422, 5.80946
NYX-snapshot_z2.dat, 12.1736, 7.66434, 0.378738, 0.614524, 0.461919, 102, 101.416, 5.83993
NYX-snapshot_z2.dat, 12.1736, 7.66434, 0.378738, 0.614524, 0.461919, 103, 102.411, 5.8704
NYX-snapshot_z2.dat, 12.1736, 7.66434, 0.378738, 0.614524, 0.461919, 106, 105.393, 5.96181
NYX-snapshot_z2.dat, 12.1736, 7.66434, 0.378738, 0.614524, 0.461919, 108, 107.382, 6.02275
NYX-snapshot_z2.dat, 12.1736, 7.66434, 0.378738, 0.614524, 0.461919, 109, 108.376, 6.05322
NYX-snapshot_z2.dat, 12.1736, 7.66434, 0.378738, 0.614524, 0.461919, 110, 109.371, 6.08369
NYX-snapshot_z2.dat, 12.1736, 7.66434, 0.378738, 0.614524, 0.461919, 112, 111.359, 6.39878
NYX-snapshot_z2.dat, 12.1736, 7.66434, 0.378738, 0.614524, 0.461919, 117, 116.331, 6.73671
NYX-snapshot_z2.dat, 12.1736, 7.66434, 0.378738, 0.614524, 0.461919, 118, 117.325, 6.74961
NYX-snapshot_z2.dat, 12.1736, 7.66434, 0.378738, 0.614524, 0.461919, 119, 118.319, 6.76252
NYX-snapshot_z2.dat, 12.1736, 7.66434, 0.378738, 0.614524, 0.461919, 128, 127.268, 6.87868
NYX-snapshot_z2.dat, 12.1736, 7.66434, 0.378738, 0.614524, 0.461919, 130, 129.256, 6.90449
NYX-snapshot_z2.dat, 12.1736, 7.66434, 0.378738, 0.614524, 0.461919, 132, 131.245, 6.9303
NYX-snapshot_z2.dat, 12.1736, 7.66434, 0.378738, 0.614524, 0.461919, 133, 132.239, 6.94321
NYX-snapshot_z2.dat, 12.1736, 7.66434, 0.378738, 0.614524, 0.461919, 134, 133.233, 6.95612
NYX-snapshot_z2.dat, 12.1736, 7.66434, 0.378738, 0.614524, 0.461919, 135, 134.228, 6.96902
NYX-snapshot_z2.dat, 12.1736, 7.66434, 0.378738, 0.614524, 0.461919, 137, 136.216, 6.99484
NYX-snapshot_z2.dat, 12.1736, 7.66434, 0.378738, 0.614524, 0.461919, 139, 138.205, 7.02065
NYX-snapshot_z2.dat, 12.1736, 7.66434, 0.378738, 0.614524, 0.461919, 140, 139.199, 7.03356
NYX-snapshot_z2.dat, 12.1736, 7.66434, 0.378738, 0.614524, 0.461919, 141, 140.193, 7.04646
NYX-snapshot_z2.dat, 12.1736, 7.66434, 0.378738, 0.614524, 0.461919, 144, 143.176, 7.08518
NYX-snapshot_z2.dat, 12.1736, 7.66434, 0.378738, 0.614524, 0.461919, 145, 144.17, 7.09809
NYX-snapshot_z2.dat, 12.1736, 7.66434, 0.378738, 0.614524, 0.461919, 146, 145.165, 7.11099
NYX-snapshot_z2.dat, 12.1736, 7.66434, 0.378738, 0.614524, 0.461919, 149, 148.147, 7.14971
NYX-snapshot_z2.dat, 12.1736, 7.66434, 0.378738, 0.614524, 0.461919, 152, 151.13, 7.18843
NYX-snapshot_z2.dat, 12.1736, 7.66434, 0.378738, 0.614524, 0.461919, 156, 155.107, 7.24006
NYX-snapshot_z2.dat, 12.1736, 7.66434, 0.378738, 0.614524, 0.461919, 160, 159.084, 7.29168
NYX-snapshot_z2.dat, 12.1736, 7.66434, 0.378738, 0.614524, 0.461919, 163, 162.067, 7.34228
NYX-snapshot_z2.dat, 12.1736, 7.66434, 0.378738, 0.614524, 0.461919, 165, 164.056, 7.37977
NYX-snapshot_z2.dat, 12.1736, 7.66434, 0.378738, 0.614524, 0.461919, 171, 170.022, 7.49224
NYX-snapshot_z2.dat, 12.1736, 7.66434, 0.378738, 0.614524, 0.461919, 178, 176.981, 7.62345
NYX-snapshot_z2.dat, 12.1736, 7.66434, 0.378738, 0.614524, 0.461919, 179, 177.976, 7.64219
NYX-snapshot_z2.dat, 12.1736, 7.66434, 0.378738, 0.614524, 0.461919, 180, 178.97, 7.66094
NYX-snapshot_z2.dat, 12.1736, 7.66434, 0.378738, 0.614524, 0.461919, 181, 179.964, 7.67968
NYX-snapshot_z2.dat, 12.1736, 7.66434, 0.378738, 0.614524, 0.461919, 182, 180.959, 7.69843
NYX-snapshot_z2.dat, 12.1736, 7.66434, 0.378738, 0.614524, 0.461919, 186, 184.936, 7.77341
NYX-snapshot_z2.dat, 12.1736, 7.66434, 0.378738, 0.614524, 0.461919, 187, 185.93, 7.79215
NYX-snapshot_z2.dat, 12.1736, 7.66434, 0.378738, 0.614524, 0.461919, 188, 186.924, 7.8109
NYX-snapshot_z2.dat, 12.1736, 7.66434, 0.378738, 0.614524, 0.461919, 195, 193.884, 7.97103
NYX-snapshot_z2.dat, 12.1736, 7.66434, 0.378738, 0.614524, 0.461919, 196, 194.878, 8.00829
NYX-snapshot_z2.dat, 12.1736, 7.66434, 0.378738, 0.614524, 0.461919, 197, 195.873, 8.04554
NYX-snapshot_z2.dat, 12.1736, 7.66434, 0.378738, 0.614524, 0.461919, 202, 200.844, 8.23183
NYX-snapshot_z2.dat, 12.1736, 7.66434, 0.378738, 0.614524, 0.461919, 204, 202.833, 8.30635
NYX-snapshot_z2.dat, 12.1736, 7.66434, 0.378738, 0.614524, 0.461919, 207, 205.816, 8.41812
NYX-snapshot_z2.dat, 12.1736, 7.66434, 0.378738, 0.614524, 0.461919, 208, 206.81, 8.45538
NYX-snapshot_z25.dat, 11.5066, 6.89034, 0.343559, 0.594775, 0.422172, 8, 7.95984, 0.267058
NYX-snapshot_z25.dat, 11.5066, 6.89034, 0.343559, 0.594775, 0.422172, 10, 9.9498, 0.448837
NYX-snapshot_z25.dat, 11.5066, 6.89034, 0.343559, 0.594775, 0.422172, 14, 13.9297, 0.816466
NYX-snapshot_z25.dat, 11.5066, 6.89034, 0.343559, 0.594775, 0.422172, 19, 18.9046, 1.46534
NYX-snapshot_z25.dat, 11.5066, 6.89034, 0.343559, 0.594775, 0.422172, 22, 21.8896, 1.78637
NYX-snapshot_z25.dat, 11.5066, 6.89034, 0.343559, 0.594775, 0.422172, 25, 24.8745, 1.98425
NYX-snapshot_z25.dat, 11.5066, 6.89034, 0.343559, 0.594775, 0.422172, 26, 25.8695, 2.0502
NYX-snapshot_z25.dat, 11.5066, 6.89034, 0.343559, 0.594775, 0.422172, 30, 29.8494, 2.31615
NYX-snapshot_z25.dat, 11.5066, 6.89034, 0.343559, 0.594775, 0.422172, 31, 30.8444, 2.39305
NYX-snapshot_z25.dat, 11.5066, 6.89034, 0.343559, 0.594775, 0.422172, 32, 31.8394, 2.46996
NYX-snapshot_z25.dat, 11.5066, 6.89034, 0.343559, 0.594775, 0.422172, 36, 35.8193, 2.7776
NYX-snapshot_z25.dat, 11.5066, 6.89034, 0.343559, 0.594775, 0.422172, 37, 36.8143, 2.85451
NYX-snapshot_z25.dat, 11.5066, 6.89034, 0.343559, 0.594775, 0.422172, 43, 42.7841, 3.17708
NYX-snapshot_z25.dat, 11.5066, 6.89034, 0.343559, 0.594775, 0.422172, 45, 44.7741, 3.28228
NYX-snapshot_z25.dat, 11.5066, 6.89034, 0.343559, 0.594775, 0.422172, 46, 45.7691, 3.33487
NYX-snapshot_z25.dat, 11.5066, 6.89034, 0.343559, 0.594775, 0.422172, 48, 47.759, 3.44006
NYX-snapshot_z25.dat, 11.5066, 6.89034, 0.343559, 0.594775, 0.422172, 49, 48.754, 3.48703
NYX-snapshot_z25.dat, 11.5066, 6.89034, 0.343559, 0.594775, 0.422172, 51, 50.744, 3.57767
NYX-snapshot_z25.dat, 11.5066, 6.89034, 0.343559, 0.594775, 0.422172, 52, 51.739, 3.62299
NYX-snapshot_z25.dat, 11.5066, 6.89034, 0.343559, 0.594775, 0.422172, 57, 56.7139, 3.84957
NYX-snapshot_z25.dat, 11.5066, 6.89034, 0.343559, 0.594775, 0.422172, 59, 58.7038, 3.94021
NYX-snapshot_z25.dat, 11.5066, 6.89034, 0.343559, 0.594775, 0.422172, 60, 59.6988, 3.98553
NYX-snapshot_z25.dat, 11.5066, 6.89034, 0.343559, 0.594775, 0.422172, 61, 60.6938, 4.03027
NYX-snapshot_z25.dat, 11.5066, 6.89034, 0.343559, 0.594775, 0.422172, 64, 63.6787, 4.1442
NYX-snapshot_z25.dat, 11.5066, 6.89034, 0.343559, 0.594775, 0.422172, 66, 65.6687, 4.22015
NYX-snapshot_z25.dat, 11.5066, 6.89034, 0.343559, 0.594775, 0.422172, 69, 68.6536, 4.33408
NYX-snapshot_z25.dat, 11.5066, 6.89034, 0.343559, 0.594775, 0.422172, 70, 69.6486, 4.37205
NYX-snapshot_z25.dat, 11.5066, 6.89034, 0.343559, 0.594775, 0.422172, 71, 70.6436, 4.41003
NYX-snapshot_z25.dat, 11.5066, 6.89034, 0.343559, 0.594775, 0.422172, 72, 71.6385, 4.44801
NYX-snapshot_z25.dat, 11.5066, 6.89034, 0.343559, 0.594775, 0.422172, 73, 72.6335, 4.48598
NYX-snapshot_z25.dat, 11.5066, 6.89034, 0.343559, 0.594775, 0.422172, 74, 73.6285, 4.52396
NYX-snapshot_z25.dat, 11.5066, 6.89034, 0.343559, 0.594775, 0.422172, 81, 80.5934, 4.75069
NYX-snapshot_z25.dat, 11.5066, 6.89034, 0.343559, 0.594775, 0.422172, 85, 84.5733, 4.87085
NYX-snapshot_z25.dat, 11.5066, 6.89034, 0.343559, 0.594775, 0.422172, 86, 85.5683, 4.90089
NYX-snapshot_z25.dat, 11.5066, 6.89034, 0.343559, 0.594775, 0.422172, 90, 89.5482, 5.02105
NYX-snapshot_z25.dat, 11.5066, 6.89034, 0.343559, 0.594775, 0.422172, 94, 93.5281, 5.14122
NYX-snapshot_z25.dat, 11.5066, 6.89034, 0.343559, 0.594775, 0.422172, 98, 97.508, 5.26009
NYX-snapshot_z25.dat, 11.5066, 6.89034, 0.343559, 0.594775, 0.422172, 100, 99.498, 5.31924
NYX-snapshot_z25.dat, 11.5066, 6.89034, 0.343559, 0.594775, 0.422172, 101, 100.493, 5.34881
NYX-snapshot_z25.dat, 11.5066, 6.89034, 0.343559, 0.594775, 0.422172, 102, 101.488, 5.37839
NYX-snapshot_z25.dat, 11.5066, 6.89034, 0.343559, 0.594775, 0.422172, 103, 102.483, 5.40796
NYX-snapshot_z25.dat, 11.5066, 6.89034, 0.343559, 0.594775, 0.422172, 105, 104.473, 5.46711
NYX-snapshot_z25.dat, 11.5066, 6.89034, 0.343559, 0.594775, 0.422172, 107, 106.463, 5.52626
NYX-snapshot_z25.dat, 11.5066, 6.89034, 0.343559, 0.594775, 0.422172, 110, 109.448, 5.61499
NYX-snapshot_z25.dat, 11.5066, 6.89034, 0.343559, 0.594775, 0.422172, 112, 111.438, 5.67414
NYX-snapshot_z25.dat, 11.5066, 6.89034, 0.343559, 0.594775, 0.422172, 113, 112.433, 5.70372
NYX-snapshot_z25.dat, 11.5066, 6.89034, 0.343559, 0.594775, 0.422172, 116, 115.418, 5.78242
NYX-snapshot_z25.dat, 11.5066, 6.89034, 0.343559, 0.594775, 0.422172, 118, 117.408, 5.82641
NYX-snapshot_z25.dat, 11.5066, 6.89034, 0.343559, 0.594775, 0.422172, 119, 118.403, 5.84841
NYX-snapshot_z25.dat, 11.5066, 6.89034, 0.343559, 0.594775, 0.422172, 123, 122.383, 5.9364
NYX-snapshot_z25.dat, 11.5066, 6.89034, 0.343559, 0.594775, 0.422172, 128, 127.357, 6.04639
NYX-snapshot_z25.dat, 11.5066, 6.89034, 0.343559, 0.594775, 0.422172, 130, 129.347, 6.09039
NYX-snapshot_z25.dat, 11.5066, 6.89034, 0.343559, 0.594775, 0.422172, 132, 131.337, 6.13438
NYX-snapshot_z25.dat, 11.5066, 6.89034, 0.343559, 0.594775, 0.422172, 141, 140.292, 6.33054
NYX-snapshot_z25.dat, 11.5066, 6.89034, 0.343559, 0.594775, 0.422172, 142, 141.287, 6.34176
NYX-snapshot_z25.dat, 11.5066, 6.89034, 0.343559, 0.594775, 0.422172, 145, 144.272, 6.37541
NYX-snapshot_z25.dat, 11.5066, 6.89034, 0.343559, 0.594775, 0.422172, 150, 149.247, 6.43149
NYX-snapshot_z25.dat, 11.5066, 6.89034, 0.343559, 0.594775, 0.422172, 155, 154.222, 6.48758
NYX-snapshot_z25.dat, 11.5066, 6.89034, 0.343559, 0.594775, 0.422172, 156, 155.217, 6.49879
NYX-snapshot_z25.dat, 11.5066, 6.89034, 0.343559, 0.594775, 0.422172, 159, 158.202, 6.53244
NYX-snapshot_z25.dat, 11.5066, 6.89034, 0.343559, 0.594775, 0.422172, 162, 161.187, 6.56609
NYX-snapshot_z25.dat, 11.5066, 6.89034, 0.343559, 0.594775, 0.422172, 164, 163.177, 6.58853
NYX-snapshot_z25.dat, 11.5066, 6.89034, 0.343559, 0.594775, 0.422172, 166, 165.167, 6.61096
NYX-snapshot_z25.dat, 11.5066, 6.89034, 0.343559, 0.594775, 0.422172, 170, 169.147, 6.65583
NYX-snapshot_z25.dat, 11.5066, 6.89034, 0.343559, 0.594775, 0.422172, 171, 170.142, 6.66704
NYX-snapshot_z25.dat, 11.5066, 6.89034, 0.343559, 0.594775, 0.422172, 172, 171.137, 6.67826
NYX-snapshot_z25.dat, 11.5066, 6.89034, 0.343559, 0.594775, 0.422172, 177, 176.111, 6.73434
NYX-snapshot_z25.dat, 11.5066, 6.89034, 0.343559, 0.594775, 0.422172, 178, 177.106, 6.74556
NYX-snapshot_z25.dat, 11.5066, 6.89034, 0.343559, 0.594775, 0.422172, 181, 180.091, 6.77921
NYX-snapshot_z25.dat, 11.5066, 6.89034, 0.343559, 0.594775, 0.422172, 183, 182.081, 6.80165
NYX-snapshot_z25.dat, 11.5066, 6.89034, 0.343559, 0.594775, 0.422172, 185, 184.071, 6.82408
NYX-snapshot_z25.dat, 11.5066, 6.89034, 0.343559, 0.594775, 0.422172, 187, 186.061, 6.84651
NYX-snapshot_z25.dat, 11.5066, 6.89034, 0.343559, 0.594775, 0.422172, 188, 187.056, 6.85773
NYX-snapshot_z25.dat, 11.5066, 6.89034, 0.343559, 0.594775, 0.422172, 190, 189.046, 6.88016
NYX-snapshot_z25.dat, 11.5066, 6.89034, 0.343559, 0.594775, 0.422172, 191, 190.041, 6.89138
NYX-snapshot_z25.dat, 11.5066, 6.89034, 0.343559, 0.594775, 0.422172, 192, 191.036, 6.9026
NYX-snapshot_z25.dat, 11.5066, 6.89034, 0.343559, 0.594775, 0.422172, 193, 192.031, 6.91804
NYX-snapshot_z25.dat, 11.5066, 6.89034, 0.343559, 0.594775, 0.422172, 194, 193.026, 6.93407
NYX-snapshot_z25.dat, 11.5066, 6.89034, 0.343559, 0.594775, 0.422172, 198, 197.006, 6.99819
NYX-snapshot_z25.dat, 11.5066, 6.89034, 0.343559, 0.594775, 0.422172, 199, 198.001, 7.01422
NYX-snapshot_z25.dat, 11.5066, 6.89034, 0.343559, 0.594775, 0.422172, 203, 201.981, 7.07835
NYX-snapshot_z25.dat, 11.5066, 6.89034, 0.343559, 0.594775, 0.422172, 204, 202.976, 7.09438
NYX-snapshot_z25.dat, 11.5066, 6.89034, 0.343559, 0.594775, 0.422172, 206, 204.966, 7.12644
NYX-snapshot_z25.dat, 11.5066, 6.89034, 0.343559, 0.594775, 0.422172, 208, 206.956, 7.1585
NYX-snapshot_z25.dat, 11.5066, 6.89034, 0.343559, 0.594775, 0.422172, 210, 208.946, 7.19057
NYX-snapshot_z25.dat, 11.5066, 6.89034, 0.343559, 0.594775, 0.422172, 215, 213.921, 7.27072
NYX-snapshot_z25.dat, 11.5066, 6.89034, 0.343559, 0.594775, 0.422172, 217, 215.911, 7.30279
NYX-snapshot_z25.dat, 11.5066, 6.89034, 0.343559, 0.594775, 0.422172, 218, 216.906, 7.31882
NYX-snapshot_z25.dat, 11.5066, 6.89034, 0.343559, 0.594775, 0.422172, 221, 219.891, 7.36691
NYX-snapshot_z25.dat, 11.5066, 6.89034, 0.343559, 0.594775, 0.422172, 225, 223.87, 7.43104
NYX-snapshot_z25.dat, 11.5066, 6.89034, 0.343559, 0.594775, 0.422172, 226, 224.865, 7.44707
NYX-snapshot_z25.dat, 11.5066, 6.89034, 0.343559, 0.594775, 0.422172, 228, 226.855, 7.47913
NYX-snapshot_z25.dat, 11.5066, 6.89034, 0.343559, 0.594775, 0.422172, 230, 228.845, 7.50676
NYX-snapshot_z25.dat, 11.5066, 6.89034, 0.343559, 0.594775, 0.422172, 232, 230.835, 7.53437
NYX-snapshot_z25.dat, 11.5066, 6.89034, 0.343559, 0.594775, 0.422172, 234, 232.825, 7.56198
NYX-snapshot_z25.dat, 11.5066, 6.89034, 0.343559, 0.594775, 0.422172, 236, 234.815, 7.58958
NYX-snapshot_z25.dat, 11.5066, 6.89034, 0.343559, 0.594775, 0.422172, 241, 239.79, 7.6586
NYX-snapshot_z25.dat, 11.5066, 6.89034, 0.343559, 0.594775, 0.422172, 243, 241.78, 7.68621
NYX-snapshot_z25.dat, 11.5066, 6.89034, 0.343559, 0.594775, 0.422172, 246, 244.765, 7.72762
NYX-snapshot_z25.dat, 11.5066, 6.89034, 0.343559, 0.594775, 0.422172, 247, 245.76, 7.74142
NYX-snapshot_z25.dat, 11.5066, 6.89034, 0.343559, 0.594775, 0.422172, 248, 246.755, 7.75523
NYX-snapshot_z25.dat, 11.5066, 6.89034, 0.343559, 0.594775, 0.422172, 252, 250.735, 7.81044
NYX-snapshot_z25.dat, 11.5066, 6.89034, 0.343559, 0.594775, 0.422172, 259, 257.7, 7.90706
NYX-snapshot_z25.dat, 11.5066, 6.89034, 0.343559, 0.594775, 0.422172, 264, 262.675, 7.97608
NYX-snapshot_z25.dat, 11.5066, 6.89034, 0.343559, 0.594775, 0.422172, 266, 264.665, 8.00369
NYX-snapshot_z25.dat, 11.5066, 6.89034, 0.343559, 0.594775, 0.422172, 267, 265.66, 8.01749
NYX-snapshot_z225.dat, 12.3361, 7.6962, 0.361387, 0.606294, 0.442568, 4, 3.97351, 0.0190834
NYX-snapshot_z225.dat, 12.3361, 7.6962, 0.361387, 0.606294, 0.442568, 6, 5.96027, 0.116564
NYX-snapshot_z225.dat, 12.3361, 7.6962, 0.361387, 0.606294, 0.442568, 7, 6.95364, 0.203027
NYX-snapshot_z225.dat, 12.3361, 7.6962, 0.361387, 0.606294, 0.442568, 8, 7.94702, 0.297796
NYX-snapshot_z225.dat, 12.3361, 7.6962, 0.361387, 0.606294, 0.442568, 10, 9.93378, 0.487594
NYX-snapshot_z225.dat, 12.3361, 7.6962, 0.361387, 0.606294, 0.442568, 12, 11.9205, 0.726612
NYX-snapshot_z225.dat, 12.3361, 7.6962, 0.361387, 0.606294, 0.442568, 14, 13.9073, 0.916939
NYX-snapshot_z225.dat, 12.3361, 7.6962, 0.361387, 0.606294, 0.442568, 15, 14.9007, 1.03632
NYX-snapshot_z225.dat, 12.3361, 7.6962, 0.361387, 0.606294, 0.442568, 19, 18.8742, 1.45812
NYX-snapshot_z225.dat, 12.3361, 7.6962, 0.361387, 0.606294, 0.442568, 20, 19.8676, 1.56971
NYX-snapshot_z225.dat, 12.3361, 7.6962, 0.361387, 0.606294, 0.442568, 21, 20.8609, 1.6813
NYX-snapshot_z225.dat, 12.3361, 7.6962, 0.361387, 0.606294, 0.442568, 22, 21.8543, 1.79289
NYX-snapshot_z225.dat, 12.3361, 7.6962, 0.361387, 0.606294, 0.442568, 23, 22.8477, 1.89673
NYX-snapshot_z225.dat, 12.3361, 7.6962, 0.361387, 0.606294, 0.442568, 26, 25.8278, 2.18353
NYX-snapshot_z225.dat, 12.3361, 7.6962, 0.361387, 0.606294, 0.442568, 27, 26.8212, 2.27912
NYX-snapshot_z225.dat, 12.3361, 7.6962, 0.361387, 0.606294, 0.442568, 30, 29.8013, 2.51952
NYX-snapshot_z225.dat, 12.3361, 7.6962, 0.361387, 0.606294, 0.442568, 33, 32.7815, 2.6715
NYX-snapshot_z225.dat, 12.3361, 7.6962, 0.361387, 0.606294, 0.442568, 35, 34.7682, 2.77282
NYX-snapshot_z225.dat, 12.3361, 7.6962, 0.361387, 0.606294, 0.442568, 36, 35.7616, 2.82348
NYX-snapshot_z225.dat, 12.3361, 7.6962, 0.361387, 0.606294, 0.442568, 39, 38.7417, 2.97546
NYX-snapshot_z225.dat, 12.3361, 7.6962, 0.361387, 0.606294, 0.442568, 42, 41.7219, 3.20273
NYX-snapshot_z225.dat, 12.3361, 7.6962, 0.361387, 0.606294, 0.442568, 45, 44.702, 3.61833
NYX-snapshot_z225.dat, 12.3361, 7.6962, 0.361387, 0.606294, 0.442568, 47, 46.6888, 3.77019
NYX-snapshot_z225.dat, 12.3361, 7.6962, 0.361387, 0.606294, 0.442568, 48, 47.6821, 3.81958
NYX-snapshot_z225.dat, 12.3361, 7.6962, 0.361387, 0.606294, 0.442568, 51, 50.6623, 3.96773
NYX-snapshot_z225.dat, 12.3361, 7.6962, 0.361387, 0.606294, 0.442568, 55, 54.6358, 4.16527
NYX-snapshot_z225.dat, 12.3361, 7.6962, 0.361387, 0.606294, 0.442568, 56, 55.6292, 4.21466
NYX-snapshot_z225.dat, 12.3361, 7.6962, 0.361387, 0.606294, 0.442568, 57, 56.6225, 4.26404
NYX-snapshot_z225.dat, 12.3361, 7.6962, 0.361387, 0.606294, 0.442568, 60, 59.6027, 4.4082
NYX-snapshot_z225.dat, 12.3361, 7.6962, 0.361387, 0.606294, 0.442568, 61, 60.596, 4.4555
NYX-snapshot_z225.dat, 12.3361, 7.6962, 0.361387, 0.606294, 0.442568, 63, 62.5828, 4.5501
NYX-snapshot_z225.dat, 12.3361, 7.6962, 0.361387, 0.606294, 0.442568, 65, 64.5695, 4.6447
NYX-snapshot_z225.dat, 12.3361, 7.6962, 0.361387, 0.606294, 0.442568, 66, 65.5629, 4.692
NYX-snapshot_z225.dat, 12.3361, 7.6962, 0.361387, 0.606294, 0.442568, 67, 66.5563, 4.7393
NYX-snapshot_z225.dat, 12.3361, 7.6962, 0.361387, 0.606294, 0.442568, 68, 67.5497, 4.7866
NYX-snapshot_z225.dat, 12.3361, 7.6962, 0.361387, 0.606294, 0.442568, 69, 68.5431, 4.8339
NYX-snapshot_z225.dat, 12.3361, 7.6962, 0.361387, 0.606294, 0.442568, 70, 69.5364, 4.8812
NYX-snapshot_z225.dat, 12.3361, 7.6962, 0.361387, 0.606294, 0.442568, 77, 76.4901, 5.11167
NYX-snapshot_z225.dat, 12.3361, 7.6962, 0.361387, 0.606294, 0.442568, 78, 77.4835, 5.14184
NYX-snapshot_z225.dat, 12.3361, 7.6962, 0.361387, 0.606294, 0.442568, 83, 82.4503, 5.29269
NYX-snapshot_z225.dat, 12.3361, 7.6962, 0.361387, 0.606294, 0.442568, 88, 87.4172, 5.44354
NYX-snapshot_z225.dat, 12.3361, 7.6962, 0.361387, 0.606294, 0.442568, 90, 89.404, 5.50388
NYX-snapshot_z225.dat, 12.3361, 7.6962, 0.361387, 0.606294, 0.442568, 94, 93.3775, 5.59595
NYX-snapshot_z225.dat, 12.3361, 7.6962, 0.361387, 0.606294, 0.442568, 95, 94.3709, 5.61435
NYX-snapshot_z225.dat, 12.3361, 7.6962, 0.361387, 0.606294, 0.442568, 98, 97.351, 5.66954
NYX-snapshot_z225.dat, 12.3361, 7.6962, 0.361387, 0.606294, 0.442568, 100, 99.3378, 5.70634
NYX-snapshot_z225.dat, 12.3361, 7.6962, 0.361387, 0.606294, 0.442568, 104, 103.311, 5.77993
NYX-snapshot_z225.dat, 12.3361, 7.6962, 0.361387, 0.606294, 0.442568, 110, 109.272, 5.89031
NYX-snapshot_z225.dat, 12.3361, 7.6962, 0.361387, 0.606294, 0.442568, 112, 111.258, 5.9271
NYX-snapshot_z225.dat, 12.3361, 7.6962, 0.361387, 0.606294, 0.442568, 123, 122.185, 6.12948
NYX-snapshot_z225.dat, 12.3361, 7.6962, 0.361387, 0.606294, 0.442568, 132, 131.126, 6.59606
NYX-snapshot_z225.dat, 12.3361, 7.6962, 0.361387, 0.606294, 0.442568, 133, 132.119, 6.65807
NYX-snapshot_z225.dat, 12.3361, 7.6962, 0.361387, 0.606294, 0.442568, 136, 135.099, 6.79692
NYX-snapshot_z225.dat, 12.3361, 7.6962, 0.361387, 0.606294, 0.442568, 137, 136.093, 6.80954
NYX-snapshot_z225.dat, 12.3361, 7.6962, 0.361387, 0.606294, 0.442568, 144, 143.046, 6.89788
NYX-snapshot_z225.dat, 12.3361, 7.6962, 0.361387, 0.606294, 0.442568, 146, 145.033, 6.92313
NYX-snapshot_z225.dat, 12.3361, 7.6962, 0.361387, 0.606294, 0.442568, 147, 146.027, 6.93575
NYX-snapshot_z225.dat, 12.3361, 7.6962, 0.361387, 0.606294, 0.442568, 148, 147.02, 6.94837
NYX-snapshot_z225.dat, 12.3361, 7.6962, 0.361387, 0.606294, 0.442568, 151, 150, 6.98623
NYX-snapshot_z225.dat, 12.3361, 7.6962, 0.361387, 0.606294, 0.442568, 153, 151.987, 7.01147
NYX-snapshot_z225.dat, 12.3361, 7.6962, 0.361387, 0.606294, 0.442568, 157, 155.96, 7.06196
NYX-snapshot_z225.dat, 12.3361, 7.6962, 0.361387, 0.606294, 0.442568, 159, 157.947, 7.0872
NYX-snapshot_z225.dat, 12.3361, 7.6962, 0.361387, 0.606294, 0.442568, 160, 158.94, 7.09982
NYX-snapshot_z225.dat, 12.3361, 7.6962, 0.361387, 0.606294, 0.442568, 165, 163.907, 7.16293
NYX-snapshot_z225.dat, 12.3361, 7.6962, 0.361387, 0.606294, 0.442568, 167, 165.894, 7.18817
NYX-snapshot_z225.dat, 12.3361, 7.6962, 0.361387, 0.606294, 0.442568, 168, 166.887, 7.20079
NYX-snapshot_z225.dat, 12.3361, 7.6962, 0.361387, 0.606294, 0.442568, 170, 168.874, 7.22603
NYX-snapshot_z225.dat, 12.3361, 7.6962, 0.361387, 0.606294, 0.442568, 171, 169.868, 7.23865
NYX-snapshot_z225.dat, 12.3361, 7.6962, 0.361387, 0.606294, 0.442568, 173, 171.854, 7.2639
NYX-snapshot_z225.dat, 12.3361, 7.6962, 0.361387, 0.606294, 0.442568, 174, 172.848, 7.27652
NYX-snapshot_z225.dat, 12.3361, 7.6962, 0.361387, 0.606294, 0.442568, 182, 180.795, 7.37749
NYX-snapshot_z225.dat, 12.3361, 7.6962, 0.361387, 0.606294, 0.442568, 188, 186.755, 7.46875
NYX-snapshot_z225.dat, 12.3361, 7.6962, 0.361387, 0.606294, 0.442568, 193, 191.722, 7.55087
NYX-snapshot_z225.dat, 12.3361, 7.6962, 0.361387, 0.606294, 0.442568, 197, 195.695, 7.61657
NYX-snapshot_z225.dat, 12.3361, 7.6962, 0.361387, 0.606294, 0.442568, 199, 197.682, 7.64942
NYX-snapshot_z225.dat, 12.3361, 7.6962, 0.361387, 0.606294, 0.442568, 200, 198.676, 7.66584
NYX-snapshot_z225.dat, 12.3361, 7.6962, 0.361387, 0.606294, 0.442568, 202, 200.662, 7.69869
NYX-snapshot_z225.dat, 12.3361, 7.6962, 0.361387, 0.606294, 0.442568, 203, 201.656, 7.71511
NYX-snapshot_z225.dat, 12.3361, 7.6962, 0.361387, 0.606294, 0.442568, 205, 203.642, 7.74796
NYX-snapshot_z225.dat, 12.3361, 7.6962, 0.361387, 0.606294, 0.442568, 206, 204.636, 7.76439
NYX-snapshot_z225.dat, 12.3361, 7.6962, 0.361387, 0.606294, 0.442568, 207, 205.629, 7.78081
NYX-snapshot_z225.dat, 12.3361, 7.6962, 0.361387, 0.606294, 0.442568, 208, 206.623, 7.79724
NYX-snapshot_z225.dat, 12.3361, 7.6962, 0.361387, 0.606294, 0.442568, 211, 209.603, 7.84651
NYX-snapshot_z225.dat, 12.3361, 7.6962, 0.361387, 0.606294, 0.442568, 212, 210.596, 7.86293
NYX-snapshot_z225.dat, 12.3361, 7.6962, 0.361387, 0.606294, 0.442568, 213, 211.589, 7.87936
NYX-snapshot_z225.dat, 12.3361, 7.6962, 0.361387, 0.606294, 0.442568, 215, 213.576, 7.91221
NYX-snapshot_z225.dat, 12.3361, 7.6962, 0.361387, 0.606294, 0.442568, 220, 218.543, 7.99433
NYX-snapshot_z225.dat, 12.3361, 7.6962, 0.361387, 0.606294, 0.442568, 221, 219.536, 8.01075
NYX-snapshot_z225.dat, 12.3361, 7.6962, 0.361387, 0.606294, 0.442568, 222, 220.53, 8.02676
NYX-snapshot_z225.dat, 12.3361, 7.6962, 0.361387, 0.606294, 0.442568, 228, 226.49, 8.12063
NYX-snapshot_z225.dat, 12.3361, 7.6962, 0.361387, 0.606294, 0.442568, 230, 228.477, 8.15192
NYX-snapshot_z225.dat, 12.3361, 7.6962, 0.361387, 0.606294, 0.442568, 231, 229.47, 8.16756
NYX-snapshot_z225.dat, 12.3361, 7.6962, 0.361387, 0.606294, 0.442568, 233, 231.457, 8.19885
NYX-snapshot_z225.dat, 12.3361, 7.6962, 0.361387, 0.606294, 0.442568, 235, 233.444, 8.23013
NYX-snapshot_z225.dat, 12.3361, 7.6962, 0.361387, 0.606294, 0.442568, 237, 235.431, 8.26142
NYX-snapshot_z225.dat, 12.3361, 7.6962, 0.361387, 0.606294, 0.442568, 239, 237.417, 8.29271
NYX-snapshot_z225.dat, 12.3361, 7.6962, 0.361387, 0.606294, 0.442568, 240, 238.411, 8.30835
NYX-snapshot_z225.dat, 12.3361, 7.6962, 0.361387, 0.606294, 0.442568, 241, 239.404, 8.324
NYX-snapshot_z225.dat, 12.3361, 7.6962, 0.361387, 0.606294, 0.442568, 249, 247.351, 8.44915
NYX-snapshot_z225.dat, 12.3361, 7.6962, 0.361387, 0.606294, 0.442568, 250, 248.344, 8.46479
NYX-snapshot_z225.dat, 12.3361, 7.6962, 0.361387, 0.606294, 0.442568, 255, 253.311, 8.54301
NYX-snapshot_z225.dat, 12.3361, 7.6962, 0.361387, 0.606294, 0.442568, 256, 254.305, 8.55866
NYX-snapshot_z225.dat, 12.3361, 7.6962, 0.361387, 0.606294, 0.442568, 259, 257.285, 8.60559
