NYX-snapshot_z4.dat, 6.31703e+07, 2.73845e+07, 15018.1, 2.82767e+06, 14148.8, 3, 1.5125, 906.902
NYX-snapshot_z4.dat, 6.31703e+07, 2.73845e+07, 15018.1, 2.82767e+06, 14148.8, 4, 2.01666, 7023.16
NYX-snapshot_z4.dat, 6.31703e+07, 2.73845e+07, 15018.1, 2.82767e+06, 14148.8, 5, 2.52083, 17015.5
NYX-snapshot_z4.dat, 6.31703e+07, 2.73845e+07, 15018.1, 2.82767e+06, 14148.8, 7, 3.52916, 53684.5
NYX-snapshot_z4.dat, 6.31703e+07, 2.73845e+07, 15018.1, 2.82767e+06, 14148.8, 8, 4.03333, 69517.5
NYX-snapshot_z4.dat, 6.31703e+07, 2.73845e+07, 15018.1, 2.82767e+06, 14148.8, 9, 4.53749, 95812.3
NYX-snapshot_z4.dat, 6.31703e+07, 2.73845e+07, 15018.1, 2.82767e+06, 14148.8, 13, 6.55415, 233971
NYX-snapshot_z4.dat, 6.31703e+07, 2.73845e+07, 15018.1, 2.82767e+06, 14148.8, 14, 7.05832, 249632
NYX-snapshot_z4.dat, 6.31703e+07, 2.73845e+07, 15018.1, 2.82767e+06, 14148.8, 16, 8.06665, 396010
NYX-snapshot_z4.dat, 6.31703e+07, 2.73845e+07, 15018.1, 2.82767e+06, 14148.8, 18, 9.07498, 414830
NYX-snapshot_z4.dat, 6.31703e+07, 2.73845e+07, 15018.1, 2.82767e+06, 14148.8, 19, 9.57915, 424240
NYX-snapshot_z4.dat, 6.31703e+07, 2.73845e+07, 15018.1, 2.82767e+06, 14148.8, 24, 12.1, 826884
NYX-snapshot_z4.dat, 6.31703e+07, 2.73845e+07, 15018.1, 2.82767e+06, 14148.8, 25, 12.6041, 890003
NYX-snapshot_z4.dat, 6.31703e+07, 2.73845e+07, 15018.1, 2.82767e+06, 14148.8, 27, 13.6125, 1.01624e+06
NYX-snapshot_z4.dat, 6.31703e+07, 2.73845e+07, 15018.1, 2.82767e+06, 14148.8, 30, 15.125, 1.2056e+06
NYX-snapshot_z4.dat, 6.31703e+07, 2.73845e+07, 15018.1, 2.82767e+06, 14148.8, 34, 17.1416, 1.41587e+06
NYX-snapshot_z4.dat, 6.31703e+07, 2.73845e+07, 15018.1, 2.82767e+06, 14148.8, 36, 18.15, 1.51474e+06
NYX-snapshot_z4.dat, 6.31703e+07, 2.73845e+07, 15018.1, 2.82767e+06, 14148.8, 41, 20.6708, 1.76191e+06
NYX-snapshot_z4.dat, 6.31703e+07, 2.73845e+07, 15018.1, 2.82767e+06, 14148.8, 42, 21.175, 1.81135e+06
NYX-snapshot_z4.dat, 6.31703e+07, 2.73845e+07, 15018.1, 2.82767e+06, 14148.8, 43, 21.6791, 1.86078e+06
NYX-snapshot_z4.dat, 6.31703e+07, 2.73845e+07, 15018.1, 2.82767e+06, 14148.8, 45, 22.6875, 3.21556e+06
NYX-snapshot_z4.dat, 6.31703e+07, 2.73845e+07, 15018.1, 2.82767e+06, 14148.8, 48, 24.2, 3.34663e+06
NYX-snapshot_z4.dat, 6.31703e+07, 2.73845e+07, 15018.1, 2.82767e+06, 14148.8, 50, 25.2083, 3.43401e+06
NYX-snapshot_z4.dat, 6.31703e+07, 2.73845e+07, 15018.1, 2.82767e+06, 14148.8, 52, 26.2166, 3.52139e+06
NYX-snapshot_z4.dat, 6.31703e+07, 2.73845e+07, 15018.1, 2.82767e+06, 14148.8, 55, 27.7291, 3.65246e+06
NYX-snapshot_z4.dat, 6.31703e+07, 2.73845e+07, 15018.1, 2.82767e+06, 14148.8, 56, 28.2333, 3.69615e+06
NYX-snapshot_z4.dat, 6.31703e+07, 2.73845e+07, 15018.1, 2.82767e+06, 14148.8, 57, 28.7374, 3.73984e+06
NYX-snapshot_z4.dat, 6.31703e+07, 2.73845e+07, 15018.1, 2.82767e+06, 14148.8, 59, 29.7458, 6.48085e+06
NYX-snapshot_z4.dat, 6.31703e+07, 2.73845e+07, 15018.1, 2.82767e+06, 14148.8, 60, 30.2499, 6.67429e+06
NYX-snapshot_z4.dat, 6.31703e+07, 2.73845e+07, 15018.1, 2.82767e+06, 14148.8, 64, 32.2666, 7.44805e+06
NYX-snapshot_z4.dat, 6.31703e+07, 2.73845e+07, 15018.1, 2.82767e+06, 14148.8, 65, 32.7708, 7.64149e+06
NYX-snapshot_z4.dat, 6.31703e+07, 2.73845e+07, 15018.1, 2.82767e+06, 14148.8, 68, 34.2833, 8.22182e+06
NYX-snapshot_z4.dat, 6.31703e+07, 2.73845e+07, 15018.1, 2.82767e+06, 14148.8, 71, 35.7958, 8.80214e+06
NYX-snapshot_z4.dat, 6.31703e+07, 2.73845e+07, 15018.1, 2.82767e+06, 14148.8, 73, 36.8041, 9.18902e+06
NYX-snapshot_z4.dat, 6.31703e+07, 2.73845e+07, 15018.1, 2.82767e+06, 14148.8, 74, 37.3083, 9.38246e+06
NYX-snapshot_z4.dat, 6.31703e+07, 2.73845e+07, 15018.1, 2.82767e+06, 14148.8, 75, 37.8124, 1.27275e+07
NYX-snapshot_z4.dat, 6.31703e+07, 2.73845e+07, 15018.1, 2.82767e+06, 14148.8, 76, 38.3166, 1.29075e+07
NYX-snapshot_z4.dat, 6.31703e+07, 2.73845e+07, 15018.1, 2.82767e+06, 14148.8, 82, 41.3416, 1.39878e+07
NYX-snapshot_z4.dat, 6.31703e+07, 2.73845e+07, 15018.1, 2.82767e+06, 14148.8, 86, 43.3582, 1.4708e+07
NYX-snapshot_z4.dat, 6.31703e+07, 2.73845e+07, 15018.1, 2.82767e+06, 14148.8, 88, 44.3666, 1.50681e+07
NYX-snapshot_z4.dat, 6.31703e+07, 2.73845e+07, 15018.1, 2.82767e+06, 14148.8, 92, 46.3832, 1.57884e+07
NYX-snapshot_z4.dat, 6.31703e+07, 2.73845e+07, 15018.1, 2.82767e+06, 14148.8, 96, 48.3999, 2.60577e+07
NYX-snapshot_z4.dat, 6.31703e+07, 2.73845e+07, 15018.1, 2.82767e+06, 14148.8, 97, 48.9041, 2.62563e+07
NYX-snapshot_z4.dat, 6.31703e+07, 2.73845e+07, 15018.1, 2.82767e+06, 14148.8, 99, 49.9124, 2.66534e+07
NYX-snapshot_z4.dat, 6.31703e+07, 2.73845e+07, 15018.1, 2.82767e+06, 14148.8, 101, 50.9207, 2.70506e+07
NYX-snapshot_z4.dat, 6.31703e+07, 2.73845e+07, 15018.1, 2.82767e+06, 14148.8, 104, 52.4332, 2.76463e+07
NYX-snapshot_z4.dat, 6.31703e+07, 2.73845e+07, 15018.1, 2.82767e+06, 14148.8, 105, 52.9374, 2.78448e+07
NYX-snapshot_z3.dat, 6.74915e+07, 3.06546e+07, 16103.3, 3.05486e+06, 15136.1, 5, 2.52403, 17317.6
NYX-snapshot_z3.dat, 6.74915e+07, 3.06546e+07, 16103.3, 3.05486e+06, 15136.1, 6, 3.02884, 31230.2
NYX-snapshot_z3.dat, 6.74915e+07, 3.06546e+07, 16103.3, 3.05486e+06, 15136.1, 7, 3.53365, 56554.3
NYX-snapshot_z3.dat, 6.74915e+07, 3.06546e+07, 16103.3, 3.05486e+06, 15136.1, 11, 5.55287, 210624
NYX-snapshot_z3.dat, 6.74915e+07, 3.06546e+07, 16103.3, 3.05486e+06, 15136.1, 12, 6.05768, 226916
NYX-snapshot_z3.dat, 6.74915e+07, 3.06546e+07, 16103.3, 3.05486e+06, 15136.1, 13, 6.56248, 243209
NYX-snapshot_z3.dat, 6.74915e+07, 3.06546e+07, 16103.3, 3.05486e+06, 15136.1, 14, 7.06729, 259501
NYX-snapshot_z3.dat, 6.74915e+07, 3.06546e+07, 16103.3, 3.05486e+06, 15136.1, 15, 7.5721, 408582
NYX-snapshot_z3.dat, 6.74915e+07, 3.06546e+07, 16103.3, 3.05486e+06, 15136.1, 18, 9.08652, 439057
NYX-snapshot_z3.dat, 6.74915e+07, 3.06546e+07, 16103.3, 3.05486e+06, 15136.1, 19, 9.59132, 449215
NYX-snapshot_z3.dat, 6.74915e+07, 3.06546e+07, 16103.3, 3.05486e+06, 15136.1, 20, 10.0961, 459373
NYX-snapshot_z3.dat, 6.74915e+07, 3.06546e+07, 16103.3, 3.05486e+06, 15136.1, 21, 10.6009, 469531
NYX-snapshot_z3.dat, 6.74915e+07, 3.06546e+07, 16103.3, 3.05486e+06, 15136.1, 23, 11.6105, 795966
NYX-snapshot_z3.dat, 6.74915e+07, 3.06546e+07, 16103.3, 3.05486e+06, 15136.1, 24, 12.1154, 866607
NYX-snapshot_z3.dat, 6.74915e+07, 3.06546e+07, 16103.3, 3.05486e+06, 15136.1, 25, 12.6202, 937249
NYX-snapshot_z3.dat, 6.74915e+07, 3.06546e+07, 16103.3, 3.05486e+06, 15136.1, 26, 13.125, 1.00789e+06
NYX-snapshot_z3.dat, 6.74915e+07, 3.06546e+07, 16103.3, 3.05486e+06, 15136.1, 30, 15.1442, 1.29046e+06
NYX-snapshot_z3.dat, 6.74915e+07, 3.06546e+07, 16103.3, 3.05486e+06, 15136.1, 31, 15.649, 1.35882e+06
NYX-snapshot_z3.dat, 6.74915e+07, 3.06546e+07, 16103.3, 3.05486e+06, 15136.1, 32, 16.1538, 1.41519e+06
NYX-snapshot_z3.dat, 6.74915e+07, 3.06546e+07, 16103.3, 3.05486e+06, 15136.1, 33, 16.6586, 1.47156e+06
NYX-snapshot_z3.dat, 6.74915e+07, 3.06546e+07, 16103.3, 3.05486e+06, 15136.1, 34, 17.1634, 1.52793e+06
NYX-snapshot_z3.dat, 6.74915e+07, 3.06546e+07, 16103.3, 3.05486e+06, 15136.1, 35, 17.6682, 1.58429e+06
NYX-snapshot_z3.dat, 6.74915e+07, 3.06546e+07, 16103.3, 3.05486e+06, 15136.1, 37, 18.6778, 1.69703e+06
NYX-snapshot_z3.dat, 6.74915e+07, 3.06546e+07, 16103.3, 3.05486e+06, 15136.1, 41, 20.6971, 1.9225e+06
NYX-snapshot_z3.dat, 6.74915e+07, 3.06546e+07, 16103.3, 3.05486e+06, 15136.1, 48, 24.2307, 3.62946e+06
NYX-snapshot_z3.dat, 6.74915e+07, 3.06546e+07, 16103.3, 3.05486e+06, 15136.1, 49, 24.7355, 3.6786e+06
NYX-snapshot_z3.dat, 6.74915e+07, 3.06546e+07, 16103.3, 3.05486e+06, 15136.1, 51, 25.7451, 3.7769e+06
NYX-snapshot_z3.dat, 6.74915e+07, 3.06546e+07, 16103.3, 3.05486e+06, 15136.1, 55, 27.7644, 3.97348e+06
NYX-snapshot_z3.dat, 6.74915e+07, 3.06546e+07, 16103.3, 3.05486e+06, 15136.1, 58, 29.2788, 7.05351e+06
NYX-snapshot_z3.dat, 6.74915e+07, 3.06546e+07, 16103.3, 3.05486e+06, 15136.1, 59, 29.7836, 7.26293e+06
NYX-snapshot_z3.dat, 6.74915e+07, 3.06546e+07, 16103.3, 3.05486e+06, 15136.1, 60, 30.2884, 7.47234e+06
NYX-snapshot_z3.dat, 6.74915e+07, 3.06546e+07, 16103.3, 3.05486e+06, 15136.1, 61, 30.7932, 7.68176e+06
NYX-snapshot_z3.dat, 6.74915e+07, 3.06546e+07, 16103.3, 3.05486e+06, 15136.1, 65, 32.8124, 8.51942e+06
NYX-snapshot_z3.dat, 6.74915e+07, 3.06546e+07, 16103.3, 3.05486e+06, 15136.1, 68, 34.3268, 9.14766e+06
NYX-snapshot_z3.dat, 6.74915e+07, 3.06546e+07, 16103.3, 3.05486e+06, 15136.1, 71, 35.8413, 9.77591e+06
NYX-snapshot_z3.dat, 6.74915e+07, 3.06546e+07, 16103.3, 3.05486e+06, 15136.1, 72, 36.3461, 9.98532e+06
NYX-snapshot_z3.dat, 6.74915e+07, 3.06546e+07, 16103.3, 3.05486e+06, 15136.1, 77, 38.8701, 1.43336e+07
NYX-snapshot_z3.dat, 6.74915e+07, 3.06546e+07, 16103.3, 3.05486e+06, 15136.1, 79, 39.8797, 1.47186e+07
NYX-snapshot_z3.dat, 6.74915e+07, 3.06546e+07, 16103.3, 3.05486e+06, 15136.1, 81, 40.8893, 1.51036e+07
NYX-snapshot_z3.dat, 6.74915e+07, 3.06546e+07, 16103.3, 3.05486e+06, 15136.1, 83, 41.8989, 1.54886e+07
NYX-snapshot_z3.dat, 6.74915e+07, 3.06546e+07, 16103.3, 3.05486e+06, 15136.1, 87, 43.9182, 1.62586e+07
NYX-snapshot_z3.dat, 6.74915e+07, 3.06546e+07, 16103.3, 3.05486e+06, 15136.1, 88, 44.423, 1.64511e+07
NYX-snapshot_z3.dat, 6.74915e+07, 3.06546e+07, 16103.3, 3.05486e+06, 15136.1, 90, 45.4326, 1.68361e+07
NYX-snapshot_z3.dat, 6.74915e+07, 3.06546e+07, 16103.3, 3.05486e+06, 15136.1, 100, 50.4807, 2.90761e+07
NYX-snapshot_z3.dat, 6.74915e+07, 3.06546e+07, 16103.3, 3.05486e+06, 15136.1, 101, 50.9855, 2.92881e+07
NYX-snapshot_z3.dat, 6.74915e+07, 3.06546e+07, 16103.3, 3.05486e+06, 15136.1, 105, 53.0047, 3.01361e+07
NYX-snapshot_z35.dat, 6.15345e+07, 3.04621e+07, 15585.3, 2.93808e+06, 14657.8, 6, 3.02527, 28966.2
NYX-snapshot_z35.dat, 6.15345e+07, 3.04621e+07, 15585.3, 2.93808e+06, 14657.8, 7, 3.52948, 52007.5
NYX-snapshot_z35.dat, 6.15345e+07, 3.04621e+07, 15585.3, 2.93808e+06, 14657.8, 8, 4.03369, 65447.5
NYX-snapshot_z35.dat, 6.15345e+07, 3.04621e+07, 15585.3, 2.93808e+06, 14657.8, 16, 8.06738, 384455
NYX-snapshot_z35.dat, 6.15345e+07, 3.04621e+07, 15585.3, 2.93808e+06, 14657.8, 17, 8.57159, 393710
NYX-snapshot_z35.dat, 6.15345e+07, 3.04621e+07, 15585.3, 2.93808e+06, 14657.8, 22, 11.0927, 678261
NYX-snapshot_z35.dat, 6.15345e+07, 3.04621e+07, 15585.3, 2.93808e+06, 14657.8, 28, 14.1179, 1.05625e+06
NYX-snapshot_z35.dat, 6.15345e+07, 3.04621e+07, 15585.3, 2.93808e+06, 14657.8, 31, 15.6306, 1.24215e+06
NYX-snapshot_z35.dat, 6.15345e+07, 3.04621e+07, 15585.3, 2.93808e+06, 14657.8, 33, 16.639, 1.34139e+06
NYX-snapshot_z35.dat, 6.15345e+07, 3.04621e+07, 15585.3, 2.93808e+06, 14657.8, 37, 18.6558, 1.53986e+06
NYX-snapshot_z35.dat, 6.15345e+07, 3.04621e+07, 15585.3, 2.93808e+06, 14657.8, 38, 19.16, 1.58948e+06
NYX-snapshot_z35.dat, 6.15345e+07, 3.04621e+07, 15585.3, 2.93808e+06, 14657.8, 39, 19.6642, 1.6391e+06
NYX-snapshot_z35.dat, 6.15345e+07, 3.04621e+07, 15585.3, 2.93808e+06, 14657.8, 42, 21.1769, 1.78796e+06
NYX-snapshot_z35.dat, 6.15345e+07, 3.04621e+07, 15585.3, 2.93808e+06, 14657.8, 43, 21.6811, 1.83757e+06
NYX-snapshot_z35.dat, 6.15345e+07, 3.04621e+07, 15585.3, 2.93808e+06, 14657.8, 44, 22.1853, 3.11284e+06
NYX-snapshot_z35.dat, 6.15345e+07, 3.04621e+07, 15585.3, 2.93808e+06, 14657.8, 46, 23.1937, 3.19991e+06
NYX-snapshot_z35.dat, 6.15345e+07, 3.04621e+07, 15585.3, 2.93808e+06, 14657.8, 47, 23.6979, 3.24345e+06
NYX-snapshot_z35.dat, 6.15345e+07, 3.04621e+07, 15585.3, 2.93808e+06, 14657.8, 49, 24.7064, 3.33052e+06
NYX-snapshot_z35.dat, 6.15345e+07, 3.04621e+07, 15585.3, 2.93808e+06, 14657.8, 52, 26.219, 3.46113e+06
NYX-snapshot_z35.dat, 6.15345e+07, 3.04621e+07, 15585.3, 2.93808e+06, 14657.8, 54, 27.2274, 3.5482e+06
NYX-snapshot_z35.dat, 6.15345e+07, 3.04621e+07, 15585.3, 2.93808e+06, 14657.8, 57, 28.7401, 3.67881e+06
NYX-snapshot_z35.dat, 6.15345e+07, 3.04621e+07, 15585.3, 2.93808e+06, 14657.8, 58, 29.2443, 6.28514e+06
NYX-snapshot_z35.dat, 6.15345e+07, 3.04621e+07, 15585.3, 2.93808e+06, 14657.8, 60, 30.2527, 6.66391e+06
NYX-snapshot_z35.dat, 6.15345e+07, 3.04621e+07, 15585.3, 2.93808e+06, 14657.8, 65, 32.7737, 7.61083e+06
NYX-snapshot_z35.dat, 6.15345e+07, 3.04621e+07, 15585.3, 2.93808e+06, 14657.8, 67, 33.7822, 7.9896e+06
NYX-snapshot_z35.dat, 6.15345e+07, 3.04621e+07, 15585.3, 2.93808e+06, 14657.8, 68, 34.2864, 8.17898e+06
NYX-snapshot_z35.dat, 6.15345e+07, 3.04621e+07, 15585.3, 2.93808e+06, 14657.8, 70, 35.2948, 8.55775e+06
NYX-snapshot_z35.dat, 6.15345e+07, 3.04621e+07, 15585.3, 2.93808e+06, 14657.8, 72, 36.3032, 8.93651e+06
NYX-snapshot_z35.dat, 6.15345e+07, 3.04621e+07, 15585.3, 2.93808e+06, 14657.8, 73, 36.8074, 9.1259e+06
NYX-snapshot_z35.dat, 6.15345e+07, 3.04621e+07, 15585.3, 2.93808e+06, 14657.8, 74, 37.3116, 1.23856e+07
NYX-snapshot_z35.dat, 6.15345e+07, 3.04621e+07, 15585.3, 2.93808e+06, 14657.8, 75, 37.8159, 1.25608e+07
NYX-snapshot_z35.dat, 6.15345e+07, 3.04621e+07, 15585.3, 2.93808e+06, 14657.8, 76, 38.3201, 1.27359e+07
NYX-snapshot_z35.dat, 6.15345e+07, 3.04621e+07, 15585.3, 2.93808e+06, 14657.8, 77, 38.8243, 1.29111e+07
NYX-snapshot_z35.dat, 6.15345e+07, 3.04621e+07, 15585.3, 2.93808e+06, 14657.8, 79, 39.8327, 1.32614e+07
NYX-snapshot_z35.dat, 6.15345e+07, 3.04621e+07, 15585.3, 2.93808e+06, 14657.8, 81, 40.8411, 1.36118e+07
NYX-snapshot_z35.dat, 6.15345e+07, 3.04621e+07, 15585.3, 2.93808e+06, 14657.8, 83, 41.8495, 1.39621e+07
NYX-snapshot_z35.dat, 6.15345e+07, 3.04621e+07, 15585.3, 2.93808e+06, 14657.8, 85, 42.858, 1.43124e+07
NYX-snapshot_z35.dat, 6.15345e+07, 3.04621e+07, 15585.3, 2.93808e+06, 14657.8, 86, 43.3622, 1.44876e+07
NYX-snapshot_z35.dat, 6.15345e+07, 3.04621e+07, 15585.3, 2.93808e+06, 14657.8, 89, 44.8748, 1.50131e+07
NYX-snapshot_z35.dat, 6.15345e+07, 3.04621e+07, 15585.3, 2.93808e+06, 14657.8, 90, 45.379, 1.51883e+07
NYX-snapshot_z35.dat, 6.15345e+07, 3.04621e+07, 15585.3, 2.93808e+06, 14657.8, 91, 45.8832, 1.53634e+07
NYX-snapshot_z35.dat, 6.15345e+07, 3.04621e+07, 15585.3, 2.93808e+06, 14657.8, 93, 46.8917, 2.49779e+07
NYX-snapshot_z35.dat, 6.15345e+07, 3.04621e+07, 15585.3, 2.93808e+06, 14657.8, 94, 47.3959, 2.5171e+07
NYX-snapshot_z35.dat, 6.15345e+07, 3.04621e+07, 15585.3, 2.93808e+06, 14657.8, 99, 49.9169, 2.61369e+07
NYX-snapshot_z35.dat, 6.15345e+07, 3.04621e+07, 15585.3, 2.93808e+06, 14657.8, 100, 50.4211, 2.633e+07
NYX-snapshot_z35.dat, 6.15345e+07, 3.04621e+07, 15585.3, 2.93808e+06, 14657.8, 102, 51.4296, 2.67164e+07
NYX-snapshot_z35.dat, 6.15345e+07, 3.04621e+07, 15585.3, 2.93808e+06, 14657.8, 105, 52.9422, 2.72959e+07
NYX-snapshot_z2.dat, 8.12437e+07, 3.19488e+07, 17272.2, 3.28948e+06, 16394.2, 6, 3.04138, 27447.5
NYX-snapshot_z2.dat, 8.12437e+07, 3.19488e+07, 17272.2, 3.28948e+06, 16394.2, 9, 4.56207, 96726.6
NYX-snapshot_z2.dat, 8.12437e+07, 3.19488e+07, 17272.2, 3.28948e+06, 16394.2, 10, 5.06897, 126201
NYX-snapshot_z2.dat, 8.12437e+07, 3.19488e+07, 17272.2, 3.28948e+06, 16394.2, 13, 6.58966, 195069
NYX-snapshot_z2.dat, 8.12437e+07, 3.19488e+07, 17272.2, 3.28948e+06, 16394.2, 14, 7.09656, 213488
NYX-snapshot_z2.dat, 8.12437e+07, 3.19488e+07, 17272.2, 3.28948e+06, 16394.2, 15, 7.60345, 231908
NYX-snapshot_z2.dat, 8.12437e+07, 3.19488e+07, 17272.2, 3.28948e+06, 16394.2, 16, 8.11035, 410551
NYX-snapshot_z2.dat, 8.12437e+07, 3.19488e+07, 17272.2, 3.28948e+06, 16394.2, 21, 10.6448, 471041
NYX-snapshot_z2.dat, 8.12437e+07, 3.19488e+07, 17272.2, 3.28948e+06, 16394.2, 23, 11.6586, 869885
NYX-snapshot_z2.dat, 8.12437e+07, 3.19488e+07, 17272.2, 3.28948e+06, 16394.2, 24, 12.1655, 959272
NYX-snapshot_z2.dat, 8.12437e+07, 3.19488e+07, 17272.2, 3.28948e+06, 16394.2, 28, 14.1931, 1.31682e+06
NYX-snapshot_z2.dat, 8.12437e+07, 3.19488e+07, 17272.2, 3.28948e+06, 16394.2, 33, 16.7276, 1.73989e+06
NYX-snapshot_z2.dat, 8.12437e+07, 3.19488e+07, 17272.2, 3.28948e+06, 16394.2, 36, 18.2483, 1.96197e+06
NYX-snapshot_z2.dat, 8.12437e+07, 3.19488e+07, 17272.2, 3.28948e+06, 16394.2, 37, 18.7552, 2.036e+06
NYX-snapshot_z2.dat, 8.12437e+07, 3.19488e+07, 17272.2, 3.28948e+06, 16394.2, 38, 19.2621, 2.11002e+06
NYX-snapshot_z2.dat, 8.12437e+07, 3.19488e+07, 17272.2, 3.28948e+06, 16394.2, 40, 20.2759, 2.25808e+06
NYX-snapshot_z2.dat, 8.12437e+07, 3.19488e+07, 17272.2, 3.28948e+06, 16394.2, 43, 21.7966, 3.28644e+06
NYX-snapshot_z2.dat, 8.12437e+07, 3.19488e+07, 17272.2, 3.28948e+06, 16394.2, 48, 24.3311, 3.60337e+06
NYX-snapshot_z2.dat, 8.12437e+07, 3.19488e+07, 17272.2, 3.28948e+06, 16394.2, 49, 24.838, 3.66675e+06
NYX-snapshot_z2.dat, 8.12437e+07, 3.19488e+07, 17272.2, 3.28948e+06, 16394.2, 51, 25.8517, 3.79353e+06
NYX-snapshot_z2.dat, 8.12437e+07, 3.19488e+07, 17272.2, 3.28948e+06, 16394.2, 52, 26.3586, 3.85691e+06
NYX-snapshot_z2.dat, 8.12437e+07, 3.19488e+07, 17272.2, 3.28948e+06, 16394.2, 55, 27.8793, 4.04707e+06
NYX-snapshot_z2.dat, 8.12437e+07, 3.19488e+07, 17272.2, 3.28948e+06, 16394.2, 56, 28.3862, 6.53882e+06
NYX-snapshot_z2.dat, 8.12437e+07, 3.19488e+07, 17272.2, 3.28948e+06, 16394.2, 57, 28.8931, 6.59046e+06
NYX-snapshot_z2.dat, 8.12437e+07, 3.19488e+07, 17272.2, 3.28948e+06, 16394.2, 58, 29.4, 6.6421e+06
NYX-snapshot_z2.dat, 8.12437e+07, 3.19488e+07, 17272.2, 3.28948e+06, 16394.2, 60, 30.4138, 6.74537e+06
NYX-snapshot_z2.dat, 8.12437e+07, 3.19488e+07, 17272.2, 3.28948e+06, 16394.2, 61, 30.9207, 6.79701e+06
NYX-snapshot_z2.dat, 8.12437e+07, 3.19488e+07, 17272.2, 3.28948e+06, 16394.2, 63, 31.9345, 6.90029e+06
NYX-snapshot_z2.dat, 8.12437e+07, 3.19488e+07, 17272.2, 3.28948e+06, 16394.2, 65, 32.9483, 7.00356e+06
NYX-snapshot_z2.dat, 8.12437e+07, 3.19488e+07, 17272.2, 3.28948e+06, 16394.2, 66, 33.4552, 7.0552e+06
NYX-snapshot_z2.dat, 8.12437e+07, 3.19488e+07, 17272.2, 3.28948e+06, 16394.2, 72, 36.4966, 1.24278e+07
NYX-snapshot_z2.dat, 8.12437e+07, 3.19488e+07, 17272.2, 3.28948e+06, 16394.2, 75, 38.0173, 1.31318e+07
NYX-snapshot_z2.dat, 8.12437e+07, 3.19488e+07, 17272.2, 3.28948e+06, 16394.2, 76, 38.5242, 1.33665e+07
NYX-snapshot_z2.dat, 8.12437e+07, 3.19488e+07, 17272.2, 3.28948e+06, 16394.2, 78, 39.538, 1.38358e+07
NYX-snapshot_z2.dat, 8.12437e+07, 3.19488e+07, 17272.2, 3.28948e+06, 16394.2, 79, 40.0449, 1.40704e+07
NYX-snapshot_z2.dat, 8.12437e+07, 3.19488e+07, 17272.2, 3.28948e+06, 16394.2, 82, 41.5656, 1.47744e+07
NYX-snapshot_z2.dat, 8.12437e+07, 3.19488e+07, 17272.2, 3.28948e+06, 16394.2, 83, 42.0724, 1.50091e+07
NYX-snapshot_z2.dat, 8.12437e+07, 3.19488e+07, 17272.2, 3.28948e+06, 16394.2, 87, 44.1, 1.59477e+07
NYX-snapshot_z2.dat, 8.12437e+07, 3.19488e+07, 17272.2, 3.28948e+06, 16394.2, 90, 45.6207, 2.48154e+07
NYX-snapshot_z2.dat, 8.12437e+07, 3.19488e+07, 17272.2, 3.28948e+06, 16394.2, 92, 46.6345, 2.53305e+07
NYX-snapshot_z2.dat, 8.12437e+07, 3.19488e+07, 17272.2, 3.28948e+06, 16394.2, 93, 47.1414, 2.55881e+07
NYX-snapshot_z2.dat, 8.12437e+07, 3.19488e+07, 17272.2, 3.28948e+06, 16394.2, 94, 47.6483, 2.58457e+07
NYX-snapshot_z2.dat, 8.12437e+07, 3.19488e+07, 17272.2, 3.28948e+06, 16394.2, 98, 49.6759, 2.6876e+07
NYX-snapshot_z2.dat, 8.12437e+07, 3.19488e+07, 17272.2, 3.28948e+06, 16394.2, 99, 50.1828, 2.71335e+07
NYX-snapshot_z2.dat, 8.12437e+07, 3.19488e+07, 17272.2, 3.28948e+06, 16394.2, 100, 50.6897, 2.73911e+07
NYX-snapshot_z2.dat, 8.12437e+07, 3.19488e+07, 17272.2, 3.28948e+06, 16394.2, 103, 52.2104, 2.81638e+07
NYX-snapshot_z2.dat, 8.12437e+07, 3.19488e+07, 17272.2, 3.28948e+06, 16394.2, 111, 56.2656, 5.05145e+07
NYX-snapshot_z2.dat, 8.12437e+07, 3.19488e+07, 17272.2, 3.28948e+06, 16394.2, 112, 56.7725, 5.0769e+07
NYX-snapshot_z2.dat, 8.12437e+07, 3.19488e+07, 17272.2, 3.28948e+06, 16394.2, 114, 57.7863, 5.12782e+07
NYX-snapshot_z2.dat, 8.12437e+07, 3.19488e+07, 17272.2, 3.28948e+06, 16394.2, 115, 58.2932, 5.15327e+07
NYX-snapshot_z2.dat, 8.12437e+07, 3.19488e+07, 17272.2, 3.28948e+06, 16394.2, 116, 58.8, 5.17873e+07
NYX-snapshot_z2.dat, 8.12437e+07, 3.19488e+07, 17272.2, 3.28948e+06, 16394.2, 119, 60.3207, 5.2551e+07
NYX-snapshot_z25.dat, 7.52277e+07, 3.66296e+07, 16653.6, 3.17367e+06, 15732, 3, 1.51332, 909.602
NYX-snapshot_z25.dat, 7.52277e+07, 3.66296e+07, 16653.6, 3.17367e+06, 15732, 9, 4.53996, 98052.3
NYX-snapshot_z25.dat, 7.52277e+07, 3.66296e+07, 16653.6, 3.17367e+06, 15732, 14, 7.06216, 206319
NYX-snapshot_z25.dat, 7.52277e+07, 3.66296e+07, 16653.6, 3.17367e+06, 15732, 19, 9.58437, 420018
NYX-snapshot_z25.dat, 7.52277e+07, 3.66296e+07, 16653.6, 3.17367e+06, 15732, 20, 10.0888, 431267
NYX-snapshot_z25.dat, 7.52277e+07, 3.66296e+07, 16653.6, 3.17367e+06, 15732, 23, 11.6021, 849979
NYX-snapshot_z25.dat, 7.52277e+07, 3.66296e+07, 16653.6, 3.17367e+06, 15732, 24, 12.1066, 930505
NYX-snapshot_z25.dat, 7.52277e+07, 3.66296e+07, 16653.6, 3.17367e+06, 15732, 27, 13.6199, 1.17208e+06
NYX-snapshot_z25.dat, 7.52277e+07, 3.66296e+07, 16653.6, 3.17367e+06, 15732, 28, 14.1243, 1.25261e+06
NYX-snapshot_z25.dat, 7.52277e+07, 3.66296e+07, 16653.6, 3.17367e+06, 15732, 29, 14.6288, 1.33314e+06
NYX-snapshot_z25.dat, 7.52277e+07, 3.66296e+07, 16653.6, 3.17367e+06, 15732, 33, 16.6465, 1.62719e+06
NYX-snapshot_z25.dat, 7.52277e+07, 3.66296e+07, 16653.6, 3.17367e+06, 15732, 36, 18.1599, 1.82379e+06
NYX-snapshot_z25.dat, 7.52277e+07, 3.66296e+07, 16653.6, 3.17367e+06, 15732, 37, 18.6643, 1.88932e+06
NYX-snapshot_z25.dat, 7.52277e+07, 3.66296e+07, 16653.6, 3.17367e+06, 15732, 39, 19.6732, 2.02039e+06
NYX-snapshot_z25.dat, 7.52277e+07, 3.66296e+07, 16653.6, 3.17367e+06, 15732, 40, 20.1776, 2.08592e+06
NYX-snapshot_z25.dat, 7.52277e+07, 3.66296e+07, 16653.6, 3.17367e+06, 15732, 43, 21.6909, 3.03136e+06
NYX-snapshot_z25.dat, 7.52277e+07, 3.66296e+07, 16653.6, 3.17367e+06, 15732, 44, 22.1954, 3.08813e+06
NYX-snapshot_z25.dat, 7.52277e+07, 3.66296e+07, 16653.6, 3.17367e+06, 15732, 46, 23.2043, 3.20168e+06
NYX-snapshot_z25.dat, 7.52277e+07, 3.66296e+07, 16653.6, 3.17367e+06, 15732, 47, 23.7087, 3.25845e+06
NYX-snapshot_z25.dat, 7.52277e+07, 3.66296e+07, 16653.6, 3.17367e+06, 15732, 50, 25.222, 3.42876e+06
NYX-snapshot_z25.dat, 7.52277e+07, 3.66296e+07, 16653.6, 3.17367e+06, 15732, 51, 25.7265, 3.48554e+06
NYX-snapshot_z25.dat, 7.52277e+07, 3.66296e+07, 16653.6, 3.17367e+06, 15732, 56, 28.2487, 6.77717e+06
NYX-snapshot_z25.dat, 7.52277e+07, 3.66296e+07, 16653.6, 3.17367e+06, 15732, 57, 28.7531, 6.82448e+06
NYX-snapshot_z25.dat, 7.52277e+07, 3.66296e+07, 16653.6, 3.17367e+06, 15732, 58, 29.2575, 6.8718e+06
NYX-snapshot_z25.dat, 7.52277e+07, 3.66296e+07, 16653.6, 3.17367e+06, 15732, 62, 31.2753, 7.06106e+06
NYX-snapshot_z25.dat, 7.52277e+07, 3.66296e+07, 16653.6, 3.17367e+06, 15732, 64, 32.2842, 7.1557e+06
NYX-snapshot_z25.dat, 7.52277e+07, 3.66296e+07, 16653.6, 3.17367e+06, 15732, 70, 35.3108, 7.43959e+06
NYX-snapshot_z25.dat, 7.52277e+07, 3.66296e+07, 16653.6, 3.17367e+06, 15732, 72, 36.3197, 1.13365e+07
NYX-snapshot_z25.dat, 7.52277e+07, 3.66296e+07, 16653.6, 3.17367e+06, 15732, 73, 36.8241, 1.15524e+07
NYX-snapshot_z25.dat, 7.52277e+07, 3.66296e+07, 16653.6, 3.17367e+06, 15732, 74, 37.3286, 1.17684e+07
NYX-snapshot_z25.dat, 7.52277e+07, 3.66296e+07, 16653.6, 3.17367e+06, 15732, 75, 37.833, 1.19843e+07
NYX-snapshot_z25.dat, 7.52277e+07, 3.66296e+07, 16653.6, 3.17367e+06, 15732, 77, 38.8419, 1.24163e+07
NYX-snapshot_z25.dat, 7.52277e+07, 3.66296e+07, 16653.6, 3.17367e+06, 15732, 79, 39.8508, 1.28482e+07
NYX-snapshot_z25.dat, 7.52277e+07, 3.66296e+07, 16653.6, 3.17367e+06, 15732, 80, 40.3552, 1.30641e+07
NYX-snapshot_z25.dat, 7.52277e+07, 3.66296e+07, 16653.6, 3.17367e+06, 15732, 81, 40.8597, 1.32801e+07
NYX-snapshot_z25.dat, 7.52277e+07, 3.66296e+07, 16653.6, 3.17367e+06, 15732, 83, 41.8685, 1.3712e+07
NYX-snapshot_z25.dat, 7.52277e+07, 3.66296e+07, 16653.6, 3.17367e+06, 15732, 84, 42.373, 1.3928e+07
NYX-snapshot_z25.dat, 7.52277e+07, 3.66296e+07, 16653.6, 3.17367e+06, 15732, 88, 44.3907, 1.47918e+07
NYX-snapshot_z25.dat, 7.52277e+07, 3.66296e+07, 16653.6, 3.17367e+06, 15732, 90, 45.3996, 2.65251e+07
NYX-snapshot_z25.dat, 7.52277e+07, 3.66296e+07, 16653.6, 3.17367e+06, 15732, 92, 46.4085, 2.69988e+07
NYX-snapshot_z25.dat, 7.52277e+07, 3.66296e+07, 16653.6, 3.17367e+06, 15732, 97, 48.9307, 2.81829e+07
NYX-snapshot_z25.dat, 7.52277e+07, 3.66296e+07, 16653.6, 3.17367e+06, 15732, 98, 49.4352, 2.84197e+07
NYX-snapshot_z25.dat, 7.52277e+07, 3.66296e+07, 16653.6, 3.17367e+06, 15732, 100, 50.444, 2.88934e+07
NYX-snapshot_z25.dat, 7.52277e+07, 3.66296e+07, 16653.6, 3.17367e+06, 15732, 101, 50.9485, 2.91302e+07
NYX-snapshot_z25.dat, 7.52277e+07, 3.66296e+07, 16653.6, 3.17367e+06, 15732, 104, 52.4618, 2.98407e+07
NYX-snapshot_z25.dat, 7.52277e+07, 3.66296e+07, 16653.6, 3.17367e+06, 15732, 105, 52.9662, 3.00776e+07
NYX-snapshot_z225.dat, 7.98931e+07, 3.0362e+07, 16927.8, 3.23231e+06, 16021.1, 3, 1.52083, 917.775
NYX-snapshot_z225.dat, 7.98931e+07, 3.0362e+07, 16927.8, 3.23231e+06, 16021.1, 4, 2.02777, 3842.99
NYX-snapshot_z225.dat, 7.98931e+07, 3.0362e+07, 16927.8, 3.23231e+06, 16021.1, 6, 3.04166, 27534.5
NYX-snapshot_z225.dat, 7.98931e+07, 3.0362e+07, 16927.8, 3.23231e+06, 16021.1, 7, 3.5486, 57662.9
NYX-snapshot_z225.dat, 7.98931e+07, 3.0362e+07, 16927.8, 3.23231e+06, 16021.1, 9, 4.56248, 99735.4
NYX-snapshot_z225.dat, 7.98931e+07, 3.0362e+07, 16927.8, 3.23231e+06, 16021.1, 12, 6.08331, 177815
NYX-snapshot_z225.dat, 7.98931e+07, 3.0362e+07, 16927.8, 3.23231e+06, 16021.1, 17, 8.61803, 419012
NYX-snapshot_z225.dat, 7.98931e+07, 3.0362e+07, 16927.8, 3.23231e+06, 16021.1, 18, 9.12497, 430933
NYX-snapshot_z225.dat, 7.98931e+07, 3.0362e+07, 16927.8, 3.23231e+06, 16021.1, 19, 9.63191, 442854
NYX-snapshot_z225.dat, 7.98931e+07, 3.0362e+07, 16927.8, 3.23231e+06, 16021.1, 20, 10.1389, 454775
NYX-snapshot_z225.dat, 7.98931e+07, 3.0362e+07, 16927.8, 3.23231e+06, 16021.1, 22, 11.1527, 478617
NYX-snapshot_z225.dat, 7.98931e+07, 3.0362e+07, 16927.8, 3.23231e+06, 16021.1, 24, 12.1666, 966785
NYX-snapshot_z225.dat, 7.98931e+07, 3.0362e+07, 16927.8, 3.23231e+06, 16021.1, 25, 12.6736, 1.05341e+06
NYX-snapshot_z225.dat, 7.98931e+07, 3.0362e+07, 16927.8, 3.23231e+06, 16021.1, 26, 13.1805, 1.14003e+06
NYX-snapshot_z225.dat, 7.98931e+07, 3.0362e+07, 16927.8, 3.23231e+06, 16021.1, 27, 13.6875, 1.22665e+06
NYX-snapshot_z225.dat, 7.98931e+07, 3.0362e+07, 16927.8, 3.23231e+06, 16021.1, 29, 14.7013, 1.39989e+06
NYX-snapshot_z225.dat, 7.98931e+07, 3.0362e+07, 16927.8, 3.23231e+06, 16021.1, 33, 16.7291, 1.71987e+06
NYX-snapshot_z225.dat, 7.98931e+07, 3.0362e+07, 16927.8, 3.23231e+06, 16021.1, 36, 18.2499, 1.93335e+06
NYX-snapshot_z225.dat, 7.98931e+07, 3.0362e+07, 16927.8, 3.23231e+06, 16021.1, 37, 18.7569, 2.00452e+06
NYX-snapshot_z225.dat, 7.98931e+07, 3.0362e+07, 16927.8, 3.23231e+06, 16021.1, 38, 19.2638, 2.07568e+06
NYX-snapshot_z225.dat, 7.98931e+07, 3.0362e+07, 16927.8, 3.23231e+06, 16021.1, 39, 19.7708, 2.14684e+06
NYX-snapshot_z225.dat, 7.98931e+07, 3.0362e+07, 16927.8, 3.23231e+06, 16021.1, 41, 20.7847, 2.28916e+06
NYX-snapshot_z225.dat, 7.98931e+07, 3.0362e+07, 16927.8, 3.23231e+06, 16021.1, 43, 21.7985, 3.22563e+06
NYX-snapshot_z225.dat, 7.98931e+07, 3.0362e+07, 16927.8, 3.23231e+06, 16021.1, 45, 22.8124, 3.34834e+06
NYX-snapshot_z225.dat, 7.98931e+07, 3.0362e+07, 16927.8, 3.23231e+06, 16021.1, 51, 25.8541, 3.71645e+06
NYX-snapshot_z225.dat, 7.98931e+07, 3.0362e+07, 16927.8, 3.23231e+06, 16021.1, 54, 27.3749, 3.9005e+06
NYX-snapshot_z225.dat, 7.98931e+07, 3.0362e+07, 16927.8, 3.23231e+06, 16021.1, 58, 29.4027, 7.31492e+06
NYX-snapshot_z225.dat, 7.98931e+07, 3.0362e+07, 16927.8, 3.23231e+06, 16021.1, 62, 31.4305, 7.51699e+06
NYX-snapshot_z225.dat, 7.98931e+07, 3.0362e+07, 16927.8, 3.23231e+06, 16021.1, 63, 31.9374, 7.56751e+06
NYX-snapshot_z225.dat, 7.98931e+07, 3.0362e+07, 16927.8, 3.23231e+06, 16021.1, 64, 32.4443, 7.61803e+06
NYX-snapshot_z225.dat, 7.98931e+07, 3.0362e+07, 16927.8, 3.23231e+06, 16021.1, 69, 34.979, 7.87061e+06
NYX-snapshot_z225.dat, 7.98931e+07, 3.0362e+07, 16927.8, 3.23231e+06, 16021.1, 70, 35.486, 7.92113e+06
NYX-snapshot_z225.dat, 7.98931e+07, 3.0362e+07, 16927.8, 3.23231e+06, 16021.1, 71, 35.9929, 7.97165e+06
NYX-snapshot_z225.dat, 7.98931e+07, 3.0362e+07, 16927.8, 3.23231e+06, 16021.1, 74, 37.5138, 1.25935e+07
NYX-snapshot_z225.dat, 7.98931e+07, 3.0362e+07, 16927.8, 3.23231e+06, 16021.1, 75, 38.0207, 1.28235e+07
NYX-snapshot_z225.dat, 7.98931e+07, 3.0362e+07, 16927.8, 3.23231e+06, 16021.1, 76, 38.5276, 1.30534e+07
NYX-snapshot_z225.dat, 7.98931e+07, 3.0362e+07, 16927.8, 3.23231e+06, 16021.1, 79, 40.0485, 1.37434e+07
NYX-snapshot_z225.dat, 7.98931e+07, 3.0362e+07, 16927.8, 3.23231e+06, 16021.1, 80, 40.5554, 1.39733e+07
NYX-snapshot_z225.dat, 7.98931e+07, 3.0362e+07, 16927.8, 3.23231e+06, 16021.1, 81, 41.0624, 1.42033e+07
NYX-snapshot_z225.dat, 7.98931e+07, 3.0362e+07, 16927.8, 3.23231e+06, 16021.1, 84, 42.5832, 1.48932e+07
NYX-snapshot_z225.dat, 7.98931e+07, 3.0362e+07, 16927.8, 3.23231e+06, 16021.1, 86, 43.5971, 1.53532e+07
NYX-snapshot_z225.dat, 7.98931e+07, 3.0362e+07, 16927.8, 3.23231e+06, 16021.1, 89, 45.1179, 2.80333e+07
NYX-snapshot_z225.dat, 7.98931e+07, 3.0362e+07, 16927.8, 3.23231e+06, 16021.1, 94, 47.6526, 2.92946e+07
NYX-snapshot_z225.dat, 7.98931e+07, 3.0362e+07, 16927.8, 3.23231e+06, 16021.1, 96, 48.6665, 2.9799e+07
NYX-snapshot_z225.dat, 7.98931e+07, 3.0362e+07, 16927.8, 3.23231e+06, 16021.1, 97, 49.1734, 3.00513e+07
NYX-snapshot_z225.dat, 7.98931e+07, 3.0362e+07, 16927.8, 3.23231e+06, 16021.1, 98, 49.6804, 3.03035e+07
