NYX-snapshot_z2.dat, 3.41231, 0.626026, 0.00623126, 3.25282, 0.00579545, 4, 3.12299, 23.4138
NYX-snapshot_z2.dat, 3.41231, 0.626026, 0.00623126, 3.25282, 0.00579545, 7, 5.46523, 19.8758
NYX-snapshot_z2.dat, 3.41231, 0.626026, 0.00623126, 3.25282, 0.00579545, 12, 9.36896, 17.3973
NYX-snapshot_z2.dat, 3.41231, 0.626026, 0.00623126, 3.25282, 0.00579545, 14, 10.9305, 16.5714
NYX-snapshot_z2.dat, 3.41231, 0.626026, 0.00623126, 3.25282, 0.00579545, 21, 16.3957, 14.4957
NYX-snapshot_z2.dat, 3.41231, 0.626026, 0.00623126, 3.25282, 0.00579545, 22, 17.1764, 14.3236
NYX-snapshot_z2.dat, 3.41231, 0.626026, 0.00623126, 3.25282, 0.00579545, 25, 19.5187, 13.9024
NYX-snapshot_z2.dat, 3.41231, 0.626026, 0.00623126, 3.25282, 0.00579545, 27, 21.0802, 13.7282
NYX-snapshot_z2.dat, 3.41231, 0.626026, 0.00623126, 3.25282, 0.00579545, 28, 21.8609, 13.6411
NYX-snapshot_z2.dat, 3.41231, 0.626026, 0.00623126, 3.25282, 0.00579545, 31, 24.2031, 13.3798
NYX-snapshot_z2.dat, 3.41231, 0.626026, 0.00623126, 3.25282, 0.00579545, 37, 28.8876, 12.9509
NYX-snapshot_z2.dat, 3.41231, 0.626026, 0.00623126, 3.25282, 0.00579545, 38, 29.6684, 12.921
NYX-snapshot_z2.dat, 3.41231, 0.626026, 0.00623126, 3.25282, 0.00579545, 45, 35.1336, 12.7115
NYX-snapshot_z2.dat, 3.41231, 0.626026, 0.00623126, 3.25282, 0.00579545, 47, 36.6951, 12.6517
NYX-snapshot_z2.dat, 3.41231, 0.626026, 0.00623126, 3.25282, 0.00579545, 50, 39.0373, 12.5619
NYX-snapshot_z2.dat, 3.41231, 0.626026, 0.00623126, 3.25282, 0.00579545, 51, 39.8181, 12.5319
NYX-snapshot_z2.dat, 3.41231, 0.626026, 0.00623126, 3.25282, 0.00579545, 54, 42.1603, 12.4422
NYX-snapshot_z2.dat, 3.41231, 0.626026, 0.00623126, 3.25282, 0.00579545, 55, 42.9411, 12.4122
NYX-snapshot_z2.dat, 3.41231, 0.626026, 0.00623126, 3.25282, 0.00579545, 59, 46.064, 12.2925
NYX-snapshot_z2.dat, 3.41231, 0.626026, 0.00623126, 3.25282, 0.00579545, 61, 47.6255, 12.2327
NYX-snapshot_z2.dat, 3.41231, 0.626026, 0.00623126, 3.25282, 0.00579545, 62, 48.4063, 12.2028
NYX-snapshot_z2.dat, 3.41231, 0.626026, 0.00623126, 3.25282, 0.00579545, 64, 49.9678, 12.1429
NYX-snapshot_z2.dat, 3.41231, 0.626026, 0.00623126, 3.25282, 0.00579545, 71, 55.433, 11.9334
NYX-snapshot_z2.dat, 3.41231, 0.626026, 0.00623126, 3.25282, 0.00579545, 72, 56.2137, 11.9035
NYX-snapshot_z2.dat, 3.41231, 0.626026, 0.00623126, 3.25282, 0.00579545, 80, 62.4597, 11.6641
NYX-snapshot_z2.dat, 3.41231, 0.626026, 0.00623126, 3.25282, 0.00579545, 83, 64.802, 11.5743
NYX-snapshot_z2.dat, 3.41231, 0.626026, 0.00623126, 3.25282, 0.00579545, 85, 66.3634, 11.5144
NYX-snapshot_z2.dat, 3.41231, 0.626026, 0.00623126, 3.25282, 0.00579545, 86, 67.1442, 11.4845
NYX-snapshot_z2.dat, 3.41231, 0.626026, 0.00623126, 3.25282, 0.00579545, 87, 67.9249, 11.4546
NYX-snapshot_z2.dat, 3.41231, 0.626026, 0.00623126, 3.25282, 0.00579545, 90, 70.2672, 11.3648
NYX-snapshot_z2.dat, 3.41231, 0.626026, 0.00623126, 3.25282, 0.00579545, 95, 74.1709, 11.2152
NYX-snapshot_z2.dat, 3.41231, 0.626026, 0.00623126, 3.25282, 0.00579545, 96, 74.9517, 11.1852
NYX-snapshot_z2.dat, 3.41231, 0.626026, 0.00623126, 3.25282, 0.00579545, 98, 76.5132, 11.1254
NYX-snapshot_z2.dat, 3.41231, 0.626026, 0.00623126, 3.25282, 0.00579545, 102, 79.6361, 11.0057
NYX-snapshot_z25.dat, 3.26417, 0.604942, 0.00580179, 3.30223, 0.0054135, 2.76, 2.23416, 27
NYX-snapshot_z25.dat, 3.26417, 0.604942, 0.00580179, 3.30223, 0.0054135, 10, 8.09479, 18.3623
NYX-snapshot_z25.dat, 3.26417, 0.604942, 0.00580179, 3.30223, 0.0054135, 18, 14.5706, 15.056
NYX-snapshot_z25.dat, 3.26417, 0.604942, 0.00580179, 3.30223, 0.0054135, 24, 19.4275, 13.9941
NYX-snapshot_z25.dat, 3.26417, 0.604942, 0.00580179, 3.30223, 0.0054135, 31, 25.0938, 13.4034
NYX-snapshot_z25.dat, 3.26417, 0.604942, 0.00580179, 3.30223, 0.0054135, 32, 25.9033, 13.319
NYX-snapshot_z25.dat, 3.26417, 0.604942, 0.00580179, 3.30223, 0.0054135, 33, 26.7128, 13.2346
NYX-snapshot_z25.dat, 3.26417, 0.604942, 0.00580179, 3.30223, 0.0054135, 37, 29.9507, 12.9681
NYX-snapshot_z25.dat, 3.26417, 0.604942, 0.00580179, 3.30223, 0.0054135, 42, 33.9981, 12.8375
NYX-snapshot_z25.dat, 3.26417, 0.604942, 0.00580179, 3.30223, 0.0054135, 45, 36.4265, 12.7591
NYX-snapshot_z25.dat, 3.26417, 0.604942, 0.00580179, 3.30223, 0.0054135, 49, 39.6645, 12.6546
NYX-snapshot_z25.dat, 3.26417, 0.604942, 0.00580179, 3.30223, 0.0054135, 50, 40.4739, 12.6285
NYX-snapshot_z25.dat, 3.26417, 0.604942, 0.00580179, 3.30223, 0.0054135, 51, 41.2834, 12.6024
NYX-snapshot_z25.dat, 3.26417, 0.604942, 0.00580179, 3.30223, 0.0054135, 52, 42.0929, 12.5762
NYX-snapshot_z25.dat, 3.26417, 0.604942, 0.00580179, 3.30223, 0.0054135, 53, 42.9024, 12.5501
NYX-snapshot_z25.dat, 3.26417, 0.604942, 0.00580179, 3.30223, 0.0054135, 55, 44.5213, 12.4978
NYX-snapshot_z25.dat, 3.26417, 0.604942, 0.00580179, 3.30223, 0.0054135, 57, 46.1403, 12.4456
NYX-snapshot_z25.dat, 3.26417, 0.604942, 0.00580179, 3.30223, 0.0054135, 62, 50.1877, 12.315
NYX-snapshot_z25.dat, 3.26417, 0.604942, 0.00580179, 3.30223, 0.0054135, 65, 52.6161, 12.2366
NYX-snapshot_z25.dat, 3.26417, 0.604942, 0.00580179, 3.30223, 0.0054135, 69, 55.854, 12.1321
NYX-snapshot_z25.dat, 3.26417, 0.604942, 0.00580179, 3.30223, 0.0054135, 70, 56.6635, 12.1059
NYX-snapshot_z25.dat, 3.26417, 0.604942, 0.00580179, 3.30223, 0.0054135, 74, 59.9014, 12.0014
NYX-snapshot_z25.dat, 3.26417, 0.604942, 0.00580179, 3.30223, 0.0054135, 81, 65.5678, 11.8186
NYX-snapshot_z25.dat, 3.26417, 0.604942, 0.00580179, 3.30223, 0.0054135, 82, 66.3773, 11.7924
NYX-snapshot_z25.dat, 3.26417, 0.604942, 0.00580179, 3.30223, 0.0054135, 86, 69.6152, 11.6879
NYX-snapshot_z25.dat, 3.26417, 0.604942, 0.00580179, 3.30223, 0.0054135, 87, 70.4247, 11.6618
NYX-snapshot_z25.dat, 3.26417, 0.604942, 0.00580179, 3.30223, 0.0054135, 89, 72.0436, 11.6095
NYX-snapshot_z25.dat, 3.26417, 0.604942, 0.00580179, 3.30223, 0.0054135, 91, 73.6626, 11.5573
NYX-snapshot_z25.dat, 3.26417, 0.604942, 0.00580179, 3.30223, 0.0054135, 95, 76.9005, 11.4528
NYX-snapshot_z25.dat, 3.26417, 0.604942, 0.00580179, 3.30223, 0.0054135, 98, 79.3289, 11.3744
NYX-snapshot_z25.dat, 3.26417, 0.604942, 0.00580179, 3.30223, 0.0054135, 101, 81.7574, 11.296
NYX-snapshot_z25.dat, 3.26417, 0.604942, 0.00580179, 3.30223, 0.0054135, 102, 82.5668, 11.2699
NYX-snapshot_z25.dat, 3.26417, 0.604942, 0.00580179, 3.30223, 0.0054135, 105, 84.9953, 11.1915
NYX-snapshot_z25.dat, 3.26417, 0.604942, 0.00580179, 3.30223, 0.0054135, 108, 87.4237, 11.1131
NYX-snapshot_z25.dat, 3.26417, 0.604942, 0.00580179, 3.30223, 0.0054135, 110, 89.0427, 11.0609
NYX-snapshot_z25.dat, 3.26417, 0.604942, 0.00580179, 3.30223, 0.0054135, 112, 90.6616, 11.0086
NYX-snapshot_z225.dat, 3.32648, 0.616308, 0.00602969, 3.27937, 0.00561186, 7, 5.55228, 19.9018
NYX-snapshot_z225.dat, 3.32648, 0.616308, 0.00602969, 3.27937, 0.00561186, 8, 6.34546, 19.2883
NYX-snapshot_z225.dat, 3.32648, 0.616308, 0.00602969, 3.27937, 0.00561186, 10, 7.93182, 18.326
NYX-snapshot_z225.dat, 3.32648, 0.616308, 0.00602969, 3.27937, 0.00561186, 11, 8.72501, 17.8855
NYX-snapshot_z225.dat, 3.32648, 0.616308, 0.00602969, 3.27937, 0.00561186, 14, 11.1046, 16.6118
NYX-snapshot_z225.dat, 3.32648, 0.616308, 0.00602969, 3.27937, 0.00561186, 16, 12.6909, 15.8275
NYX-snapshot_z225.dat, 3.32648, 0.616308, 0.00602969, 3.27937, 0.00561186, 17, 13.4841, 15.4353
NYX-snapshot_z225.dat, 3.32648, 0.616308, 0.00602969, 3.27937, 0.00561186, 18, 14.2773, 15.0431
NYX-snapshot_z225.dat, 3.32648, 0.616308, 0.00602969, 3.27937, 0.00561186, 20, 15.8636, 14.6736
NYX-snapshot_z225.dat, 3.32648, 0.616308, 0.00602969, 3.27937, 0.00561186, 21, 16.6568, 14.5009
NYX-snapshot_z225.dat, 3.32648, 0.616308, 0.00602969, 3.27937, 0.00561186, 24, 19.0364, 13.9914
NYX-snapshot_z225.dat, 3.32648, 0.616308, 0.00602969, 3.27937, 0.00561186, 27, 21.4159, 13.7341
NYX-snapshot_z225.dat, 3.32648, 0.616308, 0.00602969, 3.27937, 0.00561186, 28, 22.2091, 13.6484
NYX-snapshot_z225.dat, 3.32648, 0.616308, 0.00602969, 3.27937, 0.00561186, 30, 23.7955, 13.4768
NYX-snapshot_z225.dat, 3.32648, 0.616308, 0.00602969, 3.27937, 0.00561186, 32, 25.3818, 13.3053
NYX-snapshot_z225.dat, 3.32648, 0.616308, 0.00602969, 3.27937, 0.00561186, 34, 26.9682, 13.1338
NYX-snapshot_z225.dat, 3.32648, 0.616308, 0.00602969, 3.27937, 0.00561186, 35, 27.7614, 13.048
NYX-snapshot_z225.dat, 3.32648, 0.616308, 0.00602969, 3.27937, 0.00561186, 38, 30.1409, 12.9327
NYX-snapshot_z225.dat, 3.32648, 0.616308, 0.00602969, 3.27937, 0.00561186, 40, 31.7273, 12.8776
NYX-snapshot_z225.dat, 3.32648, 0.616308, 0.00602969, 3.27937, 0.00561186, 42, 33.3137, 12.8225
NYX-snapshot_z225.dat, 3.32648, 0.616308, 0.00602969, 3.27937, 0.00561186, 43, 34.1068, 12.7949
NYX-snapshot_z225.dat, 3.32648, 0.616308, 0.00602969, 3.27937, 0.00561186, 50, 39.6591, 12.6019
NYX-snapshot_z225.dat, 3.32648, 0.616308, 0.00602969, 3.27937, 0.00561186, 55, 43.625, 12.4641
NYX-snapshot_z225.dat, 3.32648, 0.616308, 0.00602969, 3.27937, 0.00561186, 58, 46.0046, 12.3814
NYX-snapshot_z225.dat, 3.32648, 0.616308, 0.00602969, 3.27937, 0.00561186, 62, 49.1773, 12.2711
NYX-snapshot_z225.dat, 3.32648, 0.616308, 0.00602969, 3.27937, 0.00561186, 70, 55.5228, 12.0506
NYX-snapshot_z225.dat, 3.32648, 0.616308, 0.00602969, 3.27937, 0.00561186, 72, 57.1091, 11.9955
NYX-snapshot_z225.dat, 3.32648, 0.616308, 0.00602969, 3.27937, 0.00561186, 74, 58.6955, 11.9403
NYX-snapshot_z225.dat, 3.32648, 0.616308, 0.00602969, 3.27937, 0.00561186, 75, 59.4887, 11.9128
NYX-snapshot_z225.dat, 3.32648, 0.616308, 0.00602969, 3.27937, 0.00561186, 76, 60.2819, 11.8852
NYX-snapshot_z225.dat, 3.32648, 0.616308, 0.00602969, 3.27937, 0.00561186, 78, 61.8682, 11.83
NYX-snapshot_z225.dat, 3.32648, 0.616308, 0.00602969, 3.27937, 0.00561186, 79, 62.6614, 11.8025
NYX-snapshot_z225.dat, 3.32648, 0.616308, 0.00602969, 3.27937, 0.00561186, 85, 67.4205, 11.6371
NYX-snapshot_z225.dat, 3.32648, 0.616308, 0.00602969, 3.27937, 0.00561186, 86, 68.2137, 11.6095
NYX-snapshot_z225.dat, 3.32648, 0.616308, 0.00602969, 3.27937, 0.00561186, 88, 69.8, 11.5544
NYX-snapshot_z225.dat, 3.32648, 0.616308, 0.00602969, 3.27937, 0.00561186, 91, 72.1796, 11.4717
NYX-snapshot_z225.dat, 3.32648, 0.616308, 0.00602969, 3.27937, 0.00561186, 94, 74.5591, 11.389
NYX-snapshot_z225.dat, 3.32648, 0.616308, 0.00602969, 3.27937, 0.00561186, 97, 76.9387, 11.3063
NYX-snapshot_z225.dat, 3.32648, 0.616308, 0.00602969, 3.27937, 0.00561186, 100, 79.3182, 11.2236
NYX-snapshot_z225.dat, 3.32648, 0.616308, 0.00602969, 3.27937, 0.00561186, 107, 84.8705, 11.0306
NYX-snapshot_z4.dat, 2.91884, 0.531497, 0.00482938, 3.35883, 0.00448928, 2.79, 2.48293, 27
NYX-snapshot_z4.dat, 2.91884, 0.531497, 0.00482938, 3.35883, 0.00448928, 3, 2.66982, 26.2881
NYX-snapshot_z4.dat, 2.91884, 0.531497, 0.00482938, 3.35883, 0.00448928, 4, 3.55975, 23.6222
NYX-snapshot_z4.dat, 2.91884, 0.531497, 0.00482938, 3.35883, 0.00448928, 5, 4.44969, 22.071
NYX-snapshot_z4.dat, 2.91884, 0.531497, 0.00482938, 3.35883, 0.00448928, 7, 6.22957, 20.0714
NYX-snapshot_z4.dat, 2.91884, 0.531497, 0.00482938, 3.35883, 0.00448928, 8, 7.11951, 19.4859
NYX-snapshot_z4.dat, 2.91884, 0.531497, 0.00482938, 3.35883, 0.00448928, 9, 8.00945, 18.9433
NYX-snapshot_z4.dat, 2.91884, 0.531497, 0.00482938, 3.35883, 0.00448928, 10, 8.89938, 18.5385
NYX-snapshot_z4.dat, 2.91884, 0.531497, 0.00482938, 3.35883, 0.00448928, 11, 9.78932, 18.1336
NYX-snapshot_z4.dat, 2.91884, 0.531497, 0.00482938, 3.35883, 0.00448928, 12, 10.6793, 17.7287
NYX-snapshot_z4.dat, 2.91884, 0.531497, 0.00482938, 3.35883, 0.00448928, 15, 13.3491, 16.4725
NYX-snapshot_z4.dat, 2.91884, 0.531497, 0.00482938, 3.35883, 0.00448928, 16, 14.239, 16.033
NYX-snapshot_z4.dat, 2.91884, 0.531497, 0.00482938, 3.35883, 0.00448928, 17, 15.129, 15.5934
NYX-snapshot_z4.dat, 2.91884, 0.531497, 0.00482938, 3.35883, 0.00448928, 18, 16.0189, 15.1538
NYX-snapshot_z4.dat, 2.91884, 0.531497, 0.00482938, 3.35883, 0.00448928, 19, 16.9088, 14.8814
NYX-snapshot_z4.dat, 2.91884, 0.531497, 0.00482938, 3.35883, 0.00448928, 21, 18.6887, 14.5164
NYX-snapshot_z4.dat, 2.91884, 0.531497, 0.00482938, 3.35883, 0.00448928, 23, 20.4686, 14.1515
NYX-snapshot_z4.dat, 2.91884, 0.531497, 0.00482938, 3.35883, 0.00448928, 25, 22.2485, 13.9075
NYX-snapshot_z4.dat, 2.91884, 0.531497, 0.00482938, 3.35883, 0.00448928, 26, 23.1384, 13.8285
NYX-snapshot_z4.dat, 2.91884, 0.531497, 0.00482938, 3.35883, 0.00448928, 27, 24.0283, 13.7494
NYX-snapshot_z4.dat, 2.91884, 0.531497, 0.00482938, 3.35883, 0.00448928, 28, 24.9183, 13.6704
NYX-snapshot_z4.dat, 2.91884, 0.531497, 0.00482938, 3.35883, 0.00448928, 30, 26.6982, 13.5123
NYX-snapshot_z4.dat, 2.91884, 0.531497, 0.00482938, 3.35883, 0.00448928, 32, 28.478, 13.3541
NYX-snapshot_z4.dat, 2.91884, 0.531497, 0.00482938, 3.35883, 0.00448928, 33, 29.368, 13.2751
NYX-snapshot_z4.dat, 2.91884, 0.531497, 0.00482938, 3.35883, 0.00448928, 34, 30.2579, 13.196
NYX-snapshot_z4.dat, 2.91884, 0.531497, 0.00482938, 3.35883, 0.00448928, 35, 31.1478, 13.117
NYX-snapshot_z4.dat, 2.91884, 0.531497, 0.00482938, 3.35883, 0.00448928, 37, 32.9277, 12.9854
NYX-snapshot_z4.dat, 2.91884, 0.531497, 0.00482938, 3.35883, 0.00448928, 38, 33.8177, 12.9573
NYX-snapshot_z4.dat, 2.91884, 0.531497, 0.00482938, 3.35883, 0.00448928, 40, 35.5975, 12.9012
NYX-snapshot_z4.dat, 2.91884, 0.531497, 0.00482938, 3.35883, 0.00448928, 41, 36.4875, 12.8731
NYX-snapshot_z4.dat, 2.91884, 0.531497, 0.00482938, 3.35883, 0.00448928, 43, 38.2673, 12.8169
NYX-snapshot_z4.dat, 2.91884, 0.531497, 0.00482938, 3.35883, 0.00448928, 45, 40.0472, 12.7607
NYX-snapshot_z4.dat, 2.91884, 0.531497, 0.00482938, 3.35883, 0.00448928, 47, 41.8271, 12.7046
NYX-snapshot_z4.dat, 2.91884, 0.531497, 0.00482938, 3.35883, 0.00448928, 49, 43.607, 12.6484
NYX-snapshot_z4.dat, 2.91884, 0.531497, 0.00482938, 3.35883, 0.00448928, 51, 45.3869, 12.5922
NYX-snapshot_z4.dat, 2.91884, 0.531497, 0.00482938, 3.35883, 0.00448928, 52, 46.2768, 12.5642
NYX-snapshot_z4.dat, 2.91884, 0.531497, 0.00482938, 3.35883, 0.00448928, 55, 48.9466, 12.4799
NYX-snapshot_z4.dat, 2.91884, 0.531497, 0.00482938, 3.35883, 0.00448928, 56, 49.8365, 12.4518
NYX-snapshot_z4.dat, 2.91884, 0.531497, 0.00482938, 3.35883, 0.00448928, 58, 51.6164, 12.3957
NYX-snapshot_z4.dat, 2.91884, 0.531497, 0.00482938, 3.35883, 0.00448928, 59, 52.5064, 12.3676
NYX-snapshot_z4.dat, 2.91884, 0.531497, 0.00482938, 3.35883, 0.00448928, 60, 53.3963, 12.3395
NYX-snapshot_z4.dat, 2.91884, 0.531497, 0.00482938, 3.35883, 0.00448928, 61, 54.2862, 12.3114
NYX-snapshot_z4.dat, 2.91884, 0.531497, 0.00482938, 3.35883, 0.00448928, 62, 55.1762, 12.2833
NYX-snapshot_z4.dat, 2.91884, 0.531497, 0.00482938, 3.35883, 0.00448928, 63, 56.0661, 12.2553
NYX-snapshot_z4.dat, 2.91884, 0.531497, 0.00482938, 3.35883, 0.00448928, 65, 57.846, 12.1991
NYX-snapshot_z4.dat, 2.91884, 0.531497, 0.00482938, 3.35883, 0.00448928, 66, 58.7359, 12.171
NYX-snapshot_z4.dat, 2.91884, 0.531497, 0.00482938, 3.35883, 0.00448928, 67, 59.6259, 12.1429
NYX-snapshot_z4.dat, 2.91884, 0.531497, 0.00482938, 3.35883, 0.00448928, 69, 61.4057, 12.0868
NYX-snapshot_z4.dat, 2.91884, 0.531497, 0.00482938, 3.35883, 0.00448928, 70, 62.2957, 12.0587
NYX-snapshot_z4.dat, 2.91884, 0.531497, 0.00482938, 3.35883, 0.00448928, 71, 63.1856, 12.0306
NYX-snapshot_z4.dat, 2.91884, 0.531497, 0.00482938, 3.35883, 0.00448928, 72, 64.0756, 12.0025
NYX-snapshot_z4.dat, 2.91884, 0.531497, 0.00482938, 3.35883, 0.00448928, 73, 64.9655, 11.9744
NYX-snapshot_z4.dat, 2.91884, 0.531497, 0.00482938, 3.35883, 0.00448928, 74, 65.8554, 11.9464
NYX-snapshot_z4.dat, 2.91884, 0.531497, 0.00482938, 3.35883, 0.00448928, 75, 66.7454, 11.9183
NYX-snapshot_z4.dat, 2.91884, 0.531497, 0.00482938, 3.35883, 0.00448928, 77, 68.5253, 11.8621
NYX-snapshot_z4.dat, 2.91884, 0.531497, 0.00482938, 3.35883, 0.00448928, 78, 69.4152, 11.834
NYX-snapshot_z4.dat, 2.91884, 0.531497, 0.00482938, 3.35883, 0.00448928, 79, 70.3051, 11.806
NYX-snapshot_z4.dat, 2.91884, 0.531497, 0.00482938, 3.35883, 0.00448928, 81, 72.085, 11.7498
NYX-snapshot_z4.dat, 2.91884, 0.531497, 0.00482938, 3.35883, 0.00448928, 83, 73.8649, 11.6936
NYX-snapshot_z4.dat, 2.91884, 0.531497, 0.00482938, 3.35883, 0.00448928, 84, 74.7548, 11.6655
NYX-snapshot_z4.dat, 2.91884, 0.531497, 0.00482938, 3.35883, 0.00448928, 85, 75.6448, 11.6375
NYX-snapshot_z4.dat, 2.91884, 0.531497, 0.00482938, 3.35883, 0.00448928, 86, 76.5347, 11.6094
NYX-snapshot_z4.dat, 2.91884, 0.531497, 0.00482938, 3.35883, 0.00448928, 88, 78.3146, 11.5532
NYX-snapshot_z4.dat, 2.91884, 0.531497, 0.00482938, 3.35883, 0.00448928, 90, 80.0945, 11.4971
NYX-snapshot_z4.dat, 2.91884, 0.531497, 0.00482938, 3.35883, 0.00448928, 92, 81.8743, 11.4409
NYX-snapshot_z4.dat, 2.91884, 0.531497, 0.00482938, 3.35883, 0.00448928, 93, 82.7643, 11.4128
NYX-snapshot_z4.dat, 2.91884, 0.531497, 0.00482938, 3.35883, 0.00448928, 95, 84.5441, 11.3566
NYX-snapshot_z4.dat, 2.91884, 0.531497, 0.00482938, 3.35883, 0.00448928, 96, 85.4341, 11.3286
NYX-snapshot_z4.dat, 2.91884, 0.531497, 0.00482938, 3.35883, 0.00448928, 98, 87.214, 11.2724
NYX-snapshot_z4.dat, 2.91884, 0.531497, 0.00482938, 3.35883, 0.00448928, 100, 88.9938, 11.2162
NYX-snapshot_z4.dat, 2.91884, 0.531497, 0.00482938, 3.35883, 0.00448928, 101, 89.8838, 11.1881
NYX-snapshot_z4.dat, 2.91884, 0.531497, 0.00482938, 3.35883, 0.00448928, 102, 90.7737, 11.1601
NYX-snapshot_z4.dat, 2.91884, 0.531497, 0.00482938, 3.35883, 0.00448928, 103, 91.6637, 11.132
NYX-snapshot_z4.dat, 2.91884, 0.531497, 0.00482938, 3.35883, 0.00448928, 106, 94.3335, 11.0477
NYX-snapshot_z4.dat, 2.91884, 0.531497, 0.00482938, 3.35883, 0.00448928, 107, 95.2234, 11.0197
NYX-snapshot_z3.dat, 3.32779, 0.582421, 0.00541521, 3.33706, 0.00507233, 2.77, 2.32928, 27
NYX-snapshot_z3.dat, 3.32779, 0.582421, 0.00541521, 3.33706, 0.00507233, 3, 2.52269, 26.2069
NYX-snapshot_z3.dat, 3.32779, 0.582421, 0.00541521, 3.33706, 0.00507233, 4, 3.36359, 23.5393
NYX-snapshot_z3.dat, 3.32779, 0.582421, 0.00541521, 3.33706, 0.00507233, 5, 4.20448, 22
NYX-snapshot_z3.dat, 3.32779, 0.582421, 0.00541521, 3.33706, 0.00507233, 6, 5.04538, 20.8017
NYX-snapshot_z3.dat, 3.32779, 0.582421, 0.00541521, 3.33706, 0.00507233, 7, 5.88628, 19.9824
NYX-snapshot_z3.dat, 3.32779, 0.582421, 0.00541521, 3.33706, 0.00507233, 8, 6.72717, 19.3941
NYX-snapshot_z3.dat, 3.32779, 0.582421, 0.00541521, 3.33706, 0.00507233, 9, 7.56807, 18.8602
NYX-snapshot_z3.dat, 3.32779, 0.582421, 0.00541521, 3.33706, 0.00507233, 12, 10.0908, 17.589
NYX-snapshot_z3.dat, 3.32779, 0.582421, 0.00541521, 3.33706, 0.00507233, 13, 10.9317, 17.1653
NYX-snapshot_z3.dat, 3.32779, 0.582421, 0.00541521, 3.33706, 0.00507233, 14, 11.7726, 16.7485
NYX-snapshot_z3.dat, 3.32779, 0.582421, 0.00541521, 3.33706, 0.00507233, 16, 13.4543, 15.9237
NYX-snapshot_z3.dat, 3.32779, 0.582421, 0.00541521, 3.33706, 0.00507233, 17, 14.2952, 15.5113
NYX-snapshot_z3.dat, 3.32779, 0.582421, 0.00541521, 3.33706, 0.00507233, 18, 15.1361, 15.099
NYX-snapshot_z3.dat, 3.32779, 0.582421, 0.00541521, 3.33706, 0.00507233, 19, 15.977, 14.8676
NYX-snapshot_z3.dat, 3.32779, 0.582421, 0.00541521, 3.33706, 0.00507233, 20, 16.8179, 14.6934
NYX-snapshot_z3.dat, 3.32779, 0.582421, 0.00541521, 3.33706, 0.00507233, 21, 17.6588, 14.5192
NYX-snapshot_z3.dat, 3.32779, 0.582421, 0.00541521, 3.33706, 0.00507233, 23, 19.3406, 14.1707
NYX-snapshot_z3.dat, 3.32779, 0.582421, 0.00541521, 3.33706, 0.00507233, 24, 20.1815, 13.9984
NYX-snapshot_z3.dat, 3.32779, 0.582421, 0.00541521, 3.33706, 0.00507233, 27, 22.7042, 13.7525
NYX-snapshot_z3.dat, 3.32779, 0.582421, 0.00541521, 3.33706, 0.00507233, 28, 23.5451, 13.6705
NYX-snapshot_z3.dat, 3.32779, 0.582421, 0.00541521, 3.33706, 0.00507233, 29, 24.386, 13.5885
NYX-snapshot_z3.dat, 3.32779, 0.582421, 0.00541521, 3.33706, 0.00507233, 30, 25.2269, 13.5066
NYX-snapshot_z3.dat, 3.32779, 0.582421, 0.00541521, 3.33706, 0.00507233, 31, 26.0678, 13.4246
NYX-snapshot_z3.dat, 3.32779, 0.582421, 0.00541521, 3.33706, 0.00507233, 32, 26.9087, 13.3426
NYX-snapshot_z3.dat, 3.32779, 0.582421, 0.00541521, 3.33706, 0.00507233, 33, 27.7496, 13.2607
NYX-snapshot_z3.dat, 3.32779, 0.582421, 0.00541521, 3.33706, 0.00507233, 34, 28.5905, 13.1787
NYX-snapshot_z3.dat, 3.32779, 0.582421, 0.00541521, 3.33706, 0.00507233, 35, 29.4314, 13.0967
NYX-snapshot_z3.dat, 3.32779, 0.582421, 0.00541521, 3.33706, 0.00507233, 36, 30.2723, 13.0148
NYX-snapshot_z3.dat, 3.32779, 0.582421, 0.00541521, 3.33706, 0.00507233, 37, 31.1132, 12.9789
NYX-snapshot_z3.dat, 3.32779, 0.582421, 0.00541521, 3.33706, 0.00507233, 39, 32.795, 12.9275
NYX-snapshot_z3.dat, 3.32779, 0.582421, 0.00541521, 3.33706, 0.00507233, 40, 33.6359, 12.9018
NYX-snapshot_z3.dat, 3.32779, 0.582421, 0.00541521, 3.33706, 0.00507233, 45, 37.8403, 12.7732
NYX-snapshot_z3.dat, 3.32779, 0.582421, 0.00541521, 3.33706, 0.00507233, 46, 38.6812, 12.7475
NYX-snapshot_z3.dat, 3.32779, 0.582421, 0.00541521, 3.33706, 0.00507233, 48, 40.363, 12.696
NYX-snapshot_z3.dat, 3.32779, 0.582421, 0.00541521, 3.33706, 0.00507233, 49, 41.2039, 12.6703
NYX-snapshot_z3.dat, 3.32779, 0.582421, 0.00541521, 3.33706, 0.00507233, 51, 42.8857, 12.6189
NYX-snapshot_z3.dat, 3.32779, 0.582421, 0.00541521, 3.33706, 0.00507233, 52, 43.7266, 12.5932
NYX-snapshot_z3.dat, 3.32779, 0.582421, 0.00541521, 3.33706, 0.00507233, 54, 45.4084, 12.5417
NYX-snapshot_z3.dat, 3.32779, 0.582421, 0.00541521, 3.33706, 0.00507233, 55, 46.2493, 12.516
NYX-snapshot_z3.dat, 3.32779, 0.582421, 0.00541521, 3.33706, 0.00507233, 56, 47.0902, 12.4903
NYX-snapshot_z3.dat, 3.32779, 0.582421, 0.00541521, 3.33706, 0.00507233, 57, 47.9311, 12.4646
NYX-snapshot_z3.dat, 3.32779, 0.582421, 0.00541521, 3.33706, 0.00507233, 59, 49.6129, 12.4131
NYX-snapshot_z3.dat, 3.32779, 0.582421, 0.00541521, 3.33706, 0.00507233, 60, 50.4538, 12.3874
NYX-snapshot_z3.dat, 3.32779, 0.582421, 0.00541521, 3.33706, 0.00507233, 61, 51.2947, 12.3617
NYX-snapshot_z3.dat, 3.32779, 0.582421, 0.00541521, 3.33706, 0.00507233, 62, 52.1356, 12.336
NYX-snapshot_z3.dat, 3.32779, 0.582421, 0.00541521, 3.33706, 0.00507233, 65, 54.6583, 12.2588
NYX-snapshot_z3.dat, 3.32779, 0.582421, 0.00541521, 3.33706, 0.00507233, 66, 55.4992, 12.2331
NYX-snapshot_z3.dat, 3.32779, 0.582421, 0.00541521, 3.33706, 0.00507233, 67, 56.3401, 12.2074
NYX-snapshot_z3.dat, 3.32779, 0.582421, 0.00541521, 3.33706, 0.00507233, 69, 58.0219, 12.156
NYX-snapshot_z3.dat, 3.32779, 0.582421, 0.00541521, 3.33706, 0.00507233, 71, 59.7037, 12.1045
NYX-snapshot_z3.dat, 3.32779, 0.582421, 0.00541521, 3.33706, 0.00507233, 72, 60.5446, 12.0788
NYX-snapshot_z3.dat, 3.32779, 0.582421, 0.00541521, 3.33706, 0.00507233, 74, 62.2263, 12.0274
NYX-snapshot_z3.dat, 3.32779, 0.582421, 0.00541521, 3.33706, 0.00507233, 77, 64.749, 11.9502
NYX-snapshot_z3.dat, 3.32779, 0.582421, 0.00541521, 3.33706, 0.00507233, 78, 65.5899, 11.9245
NYX-snapshot_z3.dat, 3.32779, 0.582421, 0.00541521, 3.33706, 0.00507233, 79, 66.4308, 11.8988
NYX-snapshot_z3.dat, 3.32779, 0.582421, 0.00541521, 3.33706, 0.00507233, 83, 69.7944, 11.7959
NYX-snapshot_z3.dat, 3.32779, 0.582421, 0.00541521, 3.33706, 0.00507233, 84, 70.6353, 11.7702
NYX-snapshot_z3.dat, 3.32779, 0.582421, 0.00541521, 3.33706, 0.00507233, 85, 71.4762, 11.7445
NYX-snapshot_z3.dat, 3.32779, 0.582421, 0.00541521, 3.33706, 0.00507233, 87, 73.158, 11.6931
NYX-snapshot_z3.dat, 3.32779, 0.582421, 0.00541521, 3.33706, 0.00507233, 88, 73.9989, 11.6674
NYX-snapshot_z3.dat, 3.32779, 0.582421, 0.00541521, 3.33706, 0.00507233, 90, 75.6807, 11.6159
NYX-snapshot_z3.dat, 3.32779, 0.582421, 0.00541521, 3.33706, 0.00507233, 91, 76.5216, 11.5902
NYX-snapshot_z3.dat, 3.32779, 0.582421, 0.00541521, 3.33706, 0.00507233, 93, 78.2034, 11.5388
NYX-snapshot_z3.dat, 3.32779, 0.582421, 0.00541521, 3.33706, 0.00507233, 95, 79.8852, 11.4873
NYX-snapshot_z3.dat, 3.32779, 0.582421, 0.00541521, 3.33706, 0.00507233, 96, 80.7261, 11.4616
NYX-snapshot_z3.dat, 3.32779, 0.582421, 0.00541521, 3.33706, 0.00507233, 97, 81.567, 11.4359
NYX-snapshot_z3.dat, 3.32779, 0.582421, 0.00541521, 3.33706, 0.00507233, 98, 82.4079, 11.4102
NYX-snapshot_z3.dat, 3.32779, 0.582421, 0.00541521, 3.33706, 0.00507233, 99, 83.2488, 11.3845
NYX-snapshot_z3.dat, 3.32779, 0.582421, 0.00541521, 3.33706, 0.00507233, 100, 84.0897, 11.3588
NYX-snapshot_z3.dat, 3.32779, 0.582421, 0.00541521, 3.33706, 0.00507233, 101, 84.9306, 11.333
NYX-snapshot_z3.dat, 3.32779, 0.582421, 0.00541521, 3.33706, 0.00507233, 103, 86.6124, 11.2816
NYX-snapshot_z3.dat, 3.32779, 0.582421, 0.00541521, 3.33706, 0.00507233, 105, 88.2941, 11.2302
NYX-snapshot_z3.dat, 3.32779, 0.582421, 0.00541521, 3.33706, 0.00507233, 106, 89.135, 11.2044
NYX-snapshot_z3.dat, 3.32779, 0.582421, 0.00541521, 3.33706, 0.00507233, 108, 90.8168, 11.153
NYX-snapshot_z3.dat, 3.32779, 0.582421, 0.00541521, 3.33706, 0.00507233, 109, 91.6577, 11.1273
NYX-snapshot_z3.dat, 3.32779, 0.582421, 0.00541521, 3.33706, 0.00507233, 110, 92.4986, 11.1016
NYX-snapshot_z3.dat, 3.32779, 0.582421, 0.00541521, 3.33706, 0.00507233, 112, 94.1804, 11.0501
NYX-snapshot_z3.dat, 3.32779, 0.582421, 0.00541521, 3.33706, 0.00507233, 113, 95.0213, 11.0244
NYX-snapshot_z35.dat, 3.06025, 0.562359, 0.00505695, 3.35713, 0.0047193, 2.79, 2.41111, 27
NYX-snapshot_z35.dat, 3.06025, 0.562359, 0.00505695, 3.35713, 0.0047193, 3, 2.59259, 26.2759
NYX-snapshot_z35.dat, 3.06025, 0.562359, 0.00505695, 3.35713, 0.0047193, 4, 3.45679, 23.6154
NYX-snapshot_z35.dat, 3.06025, 0.562359, 0.00505695, 3.35713, 0.0047193, 5, 4.32098, 22.0649
NYX-snapshot_z35.dat, 3.06025, 0.562359, 0.00505695, 3.35713, 0.0047193, 6, 5.18518, 20.856
NYX-snapshot_z35.dat, 3.06025, 0.562359, 0.00505695, 3.35713, 0.0047193, 7, 6.04938, 20.056
NYX-snapshot_z35.dat, 3.06025, 0.562359, 0.00505695, 3.35713, 0.0047193, 10, 8.64197, 18.5124
NYX-snapshot_z35.dat, 3.06025, 0.562359, 0.00505695, 3.35713, 0.0047193, 12, 10.3704, 17.686
NYX-snapshot_z35.dat, 3.06025, 0.562359, 0.00505695, 3.35713, 0.0047193, 13, 11.2346, 17.2727
NYX-snapshot_z35.dat, 3.06025, 0.562359, 0.00505695, 3.35713, 0.0047193, 15, 12.963, 16.4261
NYX-snapshot_z35.dat, 3.06025, 0.562359, 0.00505695, 3.35713, 0.0047193, 16, 13.8271, 15.9979
NYX-snapshot_z35.dat, 3.06025, 0.562359, 0.00505695, 3.35713, 0.0047193, 18, 15.5555, 15.1413
NYX-snapshot_z35.dat, 3.06025, 0.562359, 0.00505695, 3.35713, 0.0047193, 19, 16.4197, 14.8814
NYX-snapshot_z35.dat, 3.06025, 0.562359, 0.00505695, 3.35713, 0.0047193, 20, 17.2839, 14.7044
NYX-snapshot_z35.dat, 3.06025, 0.562359, 0.00505695, 3.35713, 0.0047193, 21, 18.1481, 14.5274
NYX-snapshot_z35.dat, 3.06025, 0.562359, 0.00505695, 3.35713, 0.0047193, 23, 19.8765, 14.1735
NYX-snapshot_z35.dat, 3.06025, 0.562359, 0.00505695, 3.35713, 0.0047193, 24, 20.7407, 13.9984
NYX-snapshot_z35.dat, 3.06025, 0.562359, 0.00505695, 3.35713, 0.0047193, 26, 22.4691, 13.8388
NYX-snapshot_z35.dat, 3.06025, 0.562359, 0.00505695, 3.35713, 0.0047193, 27, 23.3333, 13.759
NYX-snapshot_z35.dat, 3.06025, 0.562359, 0.00505695, 3.35713, 0.0047193, 28, 24.1975, 13.6792
NYX-snapshot_z35.dat, 3.06025, 0.562359, 0.00505695, 3.35713, 0.0047193, 29, 25.0617, 13.5994
NYX-snapshot_z35.dat, 3.06025, 0.562359, 0.00505695, 3.35713, 0.0047193, 30, 25.9259, 13.5196
NYX-snapshot_z35.dat, 3.06025, 0.562359, 0.00505695, 3.35713, 0.0047193, 31, 26.7901, 13.4397
NYX-snapshot_z35.dat, 3.06025, 0.562359, 0.00505695, 3.35713, 0.0047193, 32, 27.6543, 13.3599
NYX-snapshot_z35.dat, 3.06025, 0.562359, 0.00505695, 3.35713, 0.0047193, 33, 28.5185, 13.2801
NYX-snapshot_z35.dat, 3.06025, 0.562359, 0.00505695, 3.35713, 0.0047193, 34, 29.3827, 13.2003
NYX-snapshot_z35.dat, 3.06025, 0.562359, 0.00505695, 3.35713, 0.0047193, 36, 31.1111, 13.0407
NYX-snapshot_z35.dat, 3.06025, 0.562359, 0.00505695, 3.35713, 0.0047193, 37, 31.9753, 12.9868
NYX-snapshot_z35.dat, 3.06025, 0.562359, 0.00505695, 3.35713, 0.0047193, 40, 34.5679, 12.9061
NYX-snapshot_z35.dat, 3.06025, 0.562359, 0.00505695, 3.35713, 0.0047193, 41, 35.4321, 12.8792
NYX-snapshot_z35.dat, 3.06025, 0.562359, 0.00505695, 3.35713, 0.0047193, 42, 36.2963, 12.8523
NYX-snapshot_z35.dat, 3.06025, 0.562359, 0.00505695, 3.35713, 0.0047193, 43, 37.1605, 12.8254
NYX-snapshot_z35.dat, 3.06025, 0.562359, 0.00505695, 3.35713, 0.0047193, 45, 38.8889, 12.7716
NYX-snapshot_z35.dat, 3.06025, 0.562359, 0.00505695, 3.35713, 0.0047193, 46, 39.7531, 12.7447
NYX-snapshot_z35.dat, 3.06025, 0.562359, 0.00505695, 3.35713, 0.0047193, 47, 40.6172, 12.7177
NYX-snapshot_z35.dat, 3.06025, 0.562359, 0.00505695, 3.35713, 0.0047193, 48, 41.4814, 12.6908
NYX-snapshot_z35.dat, 3.06025, 0.562359, 0.00505695, 3.35713, 0.0047193, 49, 42.3456, 12.6639
NYX-snapshot_z35.dat, 3.06025, 0.562359, 0.00505695, 3.35713, 0.0047193, 50, 43.2098, 12.637
NYX-snapshot_z35.dat, 3.06025, 0.562359, 0.00505695, 3.35713, 0.0047193, 53, 45.8024, 12.5563
NYX-snapshot_z35.dat, 3.06025, 0.562359, 0.00505695, 3.35713, 0.0047193, 55, 47.5308, 12.5025
NYX-snapshot_z35.dat, 3.06025, 0.562359, 0.00505695, 3.35713, 0.0047193, 56, 48.395, 12.4756
NYX-snapshot_z35.dat, 3.06025, 0.562359, 0.00505695, 3.35713, 0.0047193, 58, 50.1234, 12.4218
NYX-snapshot_z35.dat, 3.06025, 0.562359, 0.00505695, 3.35713, 0.0047193, 59, 50.9876, 12.3949
NYX-snapshot_z35.dat, 3.06025, 0.562359, 0.00505695, 3.35713, 0.0047193, 60, 51.8518, 12.368
NYX-snapshot_z35.dat, 3.06025, 0.562359, 0.00505695, 3.35713, 0.0047193, 62, 53.5802, 12.3141
NYX-snapshot_z35.dat, 3.06025, 0.562359, 0.00505695, 3.35713, 0.0047193, 63, 54.4444, 12.2872
NYX-snapshot_z35.dat, 3.06025, 0.562359, 0.00505695, 3.35713, 0.0047193, 65, 56.1728, 12.2334
NYX-snapshot_z35.dat, 3.06025, 0.562359, 0.00505695, 3.35713, 0.0047193, 66, 57.037, 12.2065
NYX-snapshot_z35.dat, 3.06025, 0.562359, 0.00505695, 3.35713, 0.0047193, 67, 57.9012, 12.1796
NYX-snapshot_z35.dat, 3.06025, 0.562359, 0.00505695, 3.35713, 0.0047193, 69, 59.6296, 12.1258
NYX-snapshot_z35.dat, 3.06025, 0.562359, 0.00505695, 3.35713, 0.0047193, 73, 63.0864, 12.0182
NYX-snapshot_z35.dat, 3.06025, 0.562359, 0.00505695, 3.35713, 0.0047193, 74, 63.9506, 11.9913
NYX-snapshot_z35.dat, 3.06025, 0.562359, 0.00505695, 3.35713, 0.0047193, 75, 64.8148, 11.9643
NYX-snapshot_z35.dat, 3.06025, 0.562359, 0.00505695, 3.35713, 0.0047193, 76, 65.679, 11.9374
NYX-snapshot_z35.dat, 3.06025, 0.562359, 0.00505695, 3.35713, 0.0047193, 77, 66.5432, 11.9105
NYX-snapshot_z35.dat, 3.06025, 0.562359, 0.00505695, 3.35713, 0.0047193, 78, 67.4073, 11.8836
NYX-snapshot_z35.dat, 3.06025, 0.562359, 0.00505695, 3.35713, 0.0047193, 80, 69.1357, 11.8298
NYX-snapshot_z35.dat, 3.06025, 0.562359, 0.00505695, 3.35713, 0.0047193, 81, 69.9999, 11.8029
NYX-snapshot_z35.dat, 3.06025, 0.562359, 0.00505695, 3.35713, 0.0047193, 82, 70.8641, 11.776
NYX-snapshot_z35.dat, 3.06025, 0.562359, 0.00505695, 3.35713, 0.0047193, 85, 73.4567, 11.6953
NYX-snapshot_z35.dat, 3.06025, 0.562359, 0.00505695, 3.35713, 0.0047193, 87, 75.1851, 11.6415
NYX-snapshot_z35.dat, 3.06025, 0.562359, 0.00505695, 3.35713, 0.0047193, 89, 76.9135, 11.5876
NYX-snapshot_z35.dat, 3.06025, 0.562359, 0.00505695, 3.35713, 0.0047193, 90, 77.7777, 11.5607
NYX-snapshot_z35.dat, 3.06025, 0.562359, 0.00505695, 3.35713, 0.0047193, 91, 78.6419, 11.5338
NYX-snapshot_z35.dat, 3.06025, 0.562359, 0.00505695, 3.35713, 0.0047193, 94, 81.2345, 11.4531
NYX-snapshot_z35.dat, 3.06025, 0.562359, 0.00505695, 3.35713, 0.0047193, 95, 82.0987, 11.4262
NYX-snapshot_z35.dat, 3.06025, 0.562359, 0.00505695, 3.35713, 0.0047193, 98, 84.6913, 11.3455
NYX-snapshot_z35.dat, 3.06025, 0.562359, 0.00505695, 3.35713, 0.0047193, 99, 85.5555, 11.3186
NYX-snapshot_z35.dat, 3.06025, 0.562359, 0.00505695, 3.35713, 0.0047193, 100, 86.4197, 11.2917
NYX-snapshot_z35.dat, 3.06025, 0.562359, 0.00505695, 3.35713, 0.0047193, 101, 87.2839, 11.2648
NYX-snapshot_z35.dat, 3.06025, 0.562359, 0.00505695, 3.35713, 0.0047193, 103, 89.0123, 11.211
NYX-snapshot_z35.dat, 3.06025, 0.562359, 0.00505695, 3.35713, 0.0047193, 104, 89.8765, 11.184
NYX-snapshot_z35.dat, 3.06025, 0.562359, 0.00505695, 3.35713, 0.0047193, 105, 90.7407, 11.1571
NYX-snapshot_z35.dat, 3.06025, 0.562359, 0.00505695, 3.35713, 0.0047193, 106, 91.6049, 11.1302
NYX-snapshot_z35.dat, 3.06025, 0.562359, 0.00505695, 3.35713, 0.0047193, 107, 92.4691, 11.1033
NYX-snapshot_z35.dat, 3.06025, 0.562359, 0.00505695, 3.35713, 0.0047193, 108, 93.3333, 11.0764
NYX-snapshot_z35.dat, 3.06025, 0.562359, 0.00505695, 3.35713, 0.0047193, 109, 94.1974, 11.0495
